pos1	pos2	r2
484	569	9.30313690147392e-05
484	604	0.00238669652770942
484	609	0.000596814881336504
484	614	0.00712349722613661
484	618	0.000789906296235432
484	619	7.18390804597612e-05
484	621	0.00719383775936707
484	643	9.33786078098466e-05
484	655	0.000696649123391896
484	678	0.000749680860107776
484	754	NA
484	759	0.000145928797967391
484	831	0.000143701665976875
484	861	0.00110944971944629
569	604	0.372217649804686
569	609	0.13019137549385
569	614	0.157430107526881
569	618	0.442237669645814
569	619	0.633853326161018
569	621	0.000135419766009064
569	643	0.0119664571941221
569	655	0.0480157153250322
569	678	0.0603137428110661
569	754	NA
569	759	0.000762658827078673
569	831	1.12767680078092e-05
569	861	4.10618089826258e-05
569	906	7.05641770626693e-05
569	909	0.00017511149617643
569	953	6.79865830530122e-05
604	609	0.318789338852089
604	614	0.747532894736848
604	618	0.427074235807848
604	619	0.108912874186684
604	621	0.0136488860922838
604	643	0.00150946688977639
604	655	0.00269453199345253
604	678	0.00360420818134321
604	754	NA
604	759	0.000367838349985877
604	831	2.25904233034595e-05
604	861	3.6293557392881e-05
604	906	6.01994567296925e-06
604	909	0.000206881991547296
604	953	0.000190528516214555
604	974	3.86172327470273e-05
604	998	6.60183948668199e-05
609	614	0.121064460211239
609	618	0.42711987419862
609	619	0.317305724550281
609	621	0.00139858928558306
609	643	0.0100982185839352
609	655	0.00627280841930338
609	678	0.107217646011099
609	754	NA
609	759	9.15746236270363e-05
609	831	1.71031065757011e-05
609	861	6.50614435294247e-05
609	906	1.40565195067869e-06
609	909	0.00015046606115802
609	953	0.000606731752539449
609	974	2.84186474245317e-05
609	998	8.52080172936798e-05
614	618	0.352148545706365
614	619	0.243527782788142
614	621	0.00887129109863679
614	643	0.00172496144870632
614	655	0.0428122134194335
614	678	0.00987385415174461
614	754	NA
614	759	0.014857249246294
614	831	4.09903262829972e-05
614	861	0.00858664181595699
614	906	0.000232007795461927
614	909	0.000391570180215038
614	953	0.000351226008375612
614	974	2.64340470526034e-05
614	998	0.00119525047224219
618	619	0.33541788620312
618	621	7.48068761259135e-05
618	643	0.0256712766433597
618	655	0.00982932459420832
618	678	0.230722543297734
618	754	NA
618	759	0.00823539952055204
618	831	9.02851117844297e-06
618	861	0.00118417336727596
618	906	9.15817331416361e-05
618	909	0.000113163977217765
618	953	0.000267354172251054
618	974	0.0022736635430212
618	998	2.99377169445836e-05
618	1016	0.000797632404234341
619	621	1.02475985873819e-05
619	643	0.00687597272174349
619	655	0.0370169925011088
619	678	0.1254890021531
619	754	NA
619	759	0.00112402231172204
619	831	2.0113104607108e-05
619	861	0.000486263675230103
619	906	2.06766588865903e-06
619	909	0.000416966749110234
619	953	0.000250614488267743
619	974	0.00109557178727716
619	998	1.15008376621544e-05
619	1016	0.00178016962176058
621	643	3.78312627922095e-05
621	655	0.000446605711966427
621	678	0.00118858997296251
621	754	NA
621	759	0.00877974030726509
621	831	0.00303967072346831
621	861	0.000370439800098505
621	906	7.17136505443314e-07
621	909	0.000571715995861677
621	953	4.36344480267293e-06
621	974	5.13391264775804e-05
621	998	1.54814056195511e-05
621	1016	0.000135894479276207
643	655	0.00115029824118636
643	678	0.000295955799644886
643	754	NA
643	759	0.000182164495590964
643	831	0.0133400503389323
643	861	0.00117213898912232
643	906	4.30048249743544e-05
643	909	0.000313308345964149
643	953	4.26172566548181e-05
643	974	3.93231921003409e-06
643	998	0.00140913619247768
643	1016	7.08971925981021e-05
655	678	0.190229892173736
655	754	NA
655	759	0.000135886645038042
655	831	4.59667836820652e-05
655	861	0.000809642157492568
655	906	0.000165302489825598
655	909	0.00023944524262753
655	953	0.000527377724968127
655	974	4.63142616555722e-07
655	998	0.000657751413102136
655	1016	0.000651853052314969
655	1053	5.06325501706716e-09
678	754	NA
678	759	2.34983861246249e-06
678	831	1.53930549717218e-05
678	861	0.0261381743235466
678	906	0.000190347994844922
678	909	6.52454359518912e-05
678	953	0.000125190348918461
678	974	2.72387041596493e-05
678	998	2.88265170821534e-07
678	1016	0.000356255023412638
678	1053	3.7685470821615e-05
754	759	NA
754	831	NA
754	861	NA
754	906	NA
754	909	NA
754	953	NA
754	974	NA
754	998	NA
754	1016	NA
754	1053	NA
754	1098	NA
754	1110	NA
759	831	0.0145147605780893
759	861	0.0029433708392717
759	906	0.0039900253685327
759	909	4.65554136061601e-05
759	953	2.96461125224625e-07
759	974	0.00111249302235
759	998	1.57627496347055e-05
759	1016	7.02355389794344e-06
759	1053	0.000233561353854098
759	1098	0.000517408322341345
759	1110	6.19664466811779e-05
831	861	0.000781062159420213
831	906	0.000139489468545125
831	909	7.26424151950032e-05
831	953	0.00857085834579059
831	974	3.619564805802e-05
831	998	3.91743317361381e-05
831	1016	0.000461939913912824
831	1053	0.00129662626081057
831	1098	0.000238606537819136
831	1110	0.000347099072648353
831	1167	7.72940885481078e-06
831	1171	2.68891896494546e-05
831	1176	2.41342651741958e-05
861	906	2.2406453210678e-05
861	909	2.63165083413327e-07
861	953	0.000153950499138124
861	974	0.000805495921506437
861	998	0.00225854294217116
861	1016	0.000487737969370641
861	1053	5.9823341821885e-05
861	1098	0.000150114618071219
861	1110	0.00140314791451162
861	1167	0.00243078054958408
861	1171	0.000204372584406701
861	1176	0.000127208180899456
906	909	0.0142932457267318
906	953	0.00465339737885579
906	974	0.0594045406440299
906	998	0.00486867529862808
906	1016	0.0244765524151121
906	1053	0.00448730812203266
906	1098	0.00275028640983138
906	1110	9.08763535331509e-05
906	1167	5.88516089375977e-05
906	1171	0.000191539097581077
906	1176	0.000443583240322301
906	1264	0.000862794824995714
906	1275	0.00141176929467997
906	1278	9.82779333845056e-05
906	1281	0.000360711912427154
909	953	0.00798157764936517
909	974	0.000145314367423796
909	998	2.80407522634415e-05
909	1016	0.000350041257395322
909	1053	5.41957851222284e-05
909	1098	0.00478301531917241
909	1110	0.000234786680060541
909	1167	0.00113917894577579
909	1171	0.00158377116660143
909	1176	0.000317127972581382
909	1264	0.00121136389488105
909	1275	0.00270400092498266
909	1278	0.000330703470421123
909	1281	0.000168259433257225
953	974	0.136930865672665
953	998	1.70824224139364e-05
953	1016	0.0143882507544658
953	1053	0.0108419051229504
953	1098	4.70816468040889e-05
953	1110	0.00253591884649856
953	1167	0.00178023261843578
953	1171	0.000977328559401453
953	1176	6.92749822061135e-05
953	1264	3.82792657469004e-05
953	1275	0.000908569363677342
953	1278	0.00338940947847573
953	1281	5.36593621140138e-05
953	1338	2.1163834534087e-05
974	998	4.12567489545061e-05
974	1016	NA
974	1053	0.0102244573796899
974	1098	0.00544264669713666
974	1110	0.00786974817487684
974	1167	4.73980261092027e-06
974	1171	9.99756399225078e-06
974	1176	0.00648925935162013
974	1264	8.14859001831276e-06
974	1275	1.97088468704785e-05
974	1278	8.62604947503854e-06
974	1281	2.36063523538629e-05
974	1338	4.9725177232963e-06
974	1356	3.38432544833851e-06
998	1016	0.111290514736577
998	1053	0.00104263755697954
998	1098	2.26112184676234e-05
998	1110	0.0052442715631044
998	1167	0.000109866006181855
998	1171	0.00122587290463078
998	1176	0.000254945296809516
998	1264	1.49191161106497e-05
998	1275	0.00054453075179102
998	1278	0.000204675507726639
998	1281	7.72249167705982e-06
998	1338	2.9704797675043e-05
998	1356	7.71523318912172e-05
1016	1053	0.00307827190191302
1016	1098	0.008698471521606
1016	1110	0.000224794941601048
1016	1167	0.00257136201647324
1016	1171	0.00653316452331188
1016	1176	3.88009202082821e-05
1016	1264	0.000299967089208462
1016	1275	5.22703793308013e-05
1016	1278	3.72250234052335e-05
1016	1281	0.000421354239516718
1016	1338	2.05762022503507e-05
1016	1356	1.28586290179197e-05
1053	1098	0.00095550820402588
1053	1110	3.3279340192368e-06
1053	1167	0.0052191323295612
1053	1171	0.00019317632256712
1053	1176	2.68912178490854e-06
1053	1264	0.000369494987153053
1053	1275	4.11792522435984e-06
1053	1278	0.000251975670241076
1053	1281	0.000314418385515901
1053	1338	0.000138143452760386
1053	1356	0.000452915851921563
1053	1446	1.7391969292748e-05
1098	1110	0.00209063297827091
1098	1167	0.000552951176044467
1098	1171	0.0262177296756258
1098	1176	0.00182983184355458
1098	1264	4.76601224070103e-06
1098	1275	0.0104676115059166
1098	1278	0.00011962520970641
1098	1281	0.000269949338541457
1098	1338	3.35431494781685e-05
1098	1356	0.000154536595570107
1098	1446	0.000269907984322566
1110	1167	0.00297743878902162
1110	1171	0.00416304400381306
1110	1176	0.00130241606997074
1110	1264	1.25396131546193e-05
1110	1275	2.74735785687647e-06
1110	1278	3.00517344311025e-05
1110	1281	0.000276944119371011
1110	1338	5.54429058827472e-05
1110	1356	7.01294371039256e-05
1110	1446	0.00165469038562128
1167	1171	3.17120746578346e-06
1167	1176	1.50312424374061e-06
1167	1264	0.00266816207847021
1167	1275	0.0010457548727554
1167	1278	2.56879053523543e-06
1167	1281	8.33655945172762e-06
1167	1338	8.3154109768656e-07
1167	1356	0.00725705719696071
1167	1446	0.000248376181087286
1171	1176	1.77429930623313e-06
1171	1264	0.00710747695786669
1171	1275	0.00417638633326792
1171	1278	0.00628373663943689
1171	1281	0.00371713117622182
1171	1338	0.004337286683713
1171	1356	0.0104313763820057
1171	1446	2.01690107249312e-05
1176	1264	0.0199748235068965
1176	1275	0.0149797736020095
1176	1278	0.175069700674508
1176	1281	0.000715056148584479
1176	1338	2.90547980195602e-06
1176	1356	0.0263743322976957
1176	1446	0.000237613831485295
1264	1275	0.366970586978752
1264	1278	0.0669431268107765
1264	1281	0.0172577208781282
1264	1338	0.578971170956994
1264	1356	0.45849112855076
1264	1446	1.7945125347769e-06
1264	1591	0.000401243371197976
1264	1638	0.000466235339991416
1275	1278	0.0958941836421886
1275	1281	0.0319105207455425
1275	1338	0.00223180140709218
1275	1356	0.717729214604662
1275	1446	0.011303364044073
1275	1591	0.000447929040396151
1275	1638	0.000959433143433209
1275	1668	0.000184942384851072
1278	1281	0.148661760846242
1278	1338	2.60288442976225e-06
1278	1356	0.010071576059184
1278	1446	0.000206537289663727
1278	1591	1.44935439502178e-05
1278	1638	7.10400532978e-06
1278	1668	3.75390640885672e-06
1281	1338	0.00289506464490064
1281	1356	0.000730081900626787
1281	1446	0.000347355276888097
1281	1591	0.000361821845183451
1281	1638	1.46798497474202e-05
1281	1668	1.0861320845228e-05
1338	1356	0.0229813987951684
1338	1446	0.0261747746996568
1338	1591	1.39133203444918e-07
1338	1638	9.82731478686456e-05
1338	1668	0.000523521832966418
1338	1710	2.49372891131032e-06
1356	1446	0.0189990199723559
1356	1591	0.000479898903218417
1356	1638	0.000385977250781507
1356	1668	0.000214773906288484
1356	1710	6.90950652121317e-05
1446	1591	0.000126187081924359
1446	1638	8.99794018384439e-06
1446	1668	9.21111408521221e-06
1446	1710	3.68149973410525e-05
1591	1638	0.0712460033146677
1591	1668	0.0491084915118114
1591	1710	0.000384631984303231
1591	1878	5.97712298869812e-06
1591	1906	0.000910915811120053
1591	1914	3.27216208109508e-05
1591	1990	9.39185590981709e-06
1638	1668	0.0760328944833559
1638	1710	1.20847879464354e-08
1638	1878	1.04940461521379e-05
1638	1906	4.68917378408074e-05
1638	1914	3.69694143686996e-05
1638	1990	0.00199510876902635
1638	2000	2.42581470276727e-05
1638	2008	5.41674485613602e-05
1638	2016	0.000150307515362811
1638	2022	1.70576642419646e-05
1668	1710	0.0021746415399645
1668	1878	6.48362432142615e-06
1668	1906	2.16867992452994e-05
1668	1914	1.82181600797478e-05
1668	1990	4.77668649446484e-06
1668	2000	1.01592342583892e-05
1668	2008	2.85581083319124e-05
1668	2016	4.51570260024525e-06
1668	2022	8.66248208625775e-06
1668	2043	3.66244954179571e-05
1668	2058	8.43313620613567e-07
1710	1878	1.32675792843353e-05
1710	1906	1.16039209847833e-05
1710	1914	0.000158431744825213
1710	1990	0.000216213131086765
1710	2000	1.07474696119351e-05
1710	2008	0.000345487964533847
1710	2016	4.64985213270275e-05
1710	2022	1.48698388882245e-07
1710	2043	0.000125450775822395
1710	2058	7.02446295752273e-05
1878	1906	0.00657436591628048
1878	1914	0.00564082594656193
1878	1990	0.00202083403911591
1878	2000	0.000746768034094106
1878	2008	0.0188359820606049
1878	2016	0.000960763277917302
1878	2022	0.00568681503543752
1878	2043	0.00197211988584865
1878	2058	8.51311715279912e-07
1878	2115	7.46436086938713e-05
1878	2139	4.08363594845188e-05
1878	2176	1.95904974763832e-05
1878	2181	1.73127596760251e-05
1906	1914	0.0165427527642936
1906	1990	0.0190299344677054
1906	2000	0.00175326172906553
1906	2008	0.00152731081879757
1906	2016	0.00133146137608974
1906	2022	0.00537242556668758
1906	2043	0.0028643347018876
1906	2058	0.0208449685509754
1906	2115	0.000270834399295335
1906	2139	4.26278189384008e-05
1906	2176	0.000287947168576017
1906	2181	3.67835622566241e-05
1914	1990	0.0017521987456757
1914	2000	0.170262146183582
1914	2008	0.0010154527353993
1914	2016	0.00754562246563984
1914	2022	0.00481244071551355
1914	2043	1.70261771367926e-05
1914	2058	2.63091886628466e-06
1914	2115	5.96237761555833e-05
1914	2139	5.32276983017082e-08
1914	2176	6.43971434355021e-05
1914	2181	6.85079169219586e-05
1990	2000	5.34319412175369e-06
1990	2008	4.00931509494223e-05
1990	2016	0.00196545830021474
1990	2022	0.357614076229063
1990	2043	0.0030275304362692
1990	2058	3.46572549114733e-06
1990	2115	9.92304426194029e-06
1990	2139	9.28010906629293e-05
1990	2176	0.00056709928844814
1990	2181	2.77039616225375e-05
1990	2369	9.06427427626942e-06
2000	2008	3.12922809656769e-06
2000	2016	0.0432890371766758
2000	2022	5.0197779250246e-05
2000	2043	0.00542664567005915
2000	2058	7.77448206488742e-06
2000	2115	6.34063769259898e-05
2000	2139	0.0304875966946012
2000	2176	0.001981192137803
2000	2181	7.19209956721826e-05
2000	2369	1.29248784522889e-05
2008	2016	0.0301205847293052
2008	2022	0.00653761625371097
2008	2043	0.00417165311599227
2008	2058	0.0186056517776548
2008	2115	0.000105335113796918
2008	2139	0.000922296293872744
2008	2176	0.00033296127772201
2008	2181	0.0016741921852561
2008	2369	2.73871803445337e-05
2016	2022	0.0001815247792107
2016	2043	0.00491216528187985
2016	2058	0.00300020370828924
2016	2115	0.000148810569298902
2016	2139	0.00234417218607878
2016	2176	0.000384035953658118
2016	2181	0.00327156076711572
2016	2369	6.31213201584362e-05
2022	2043	0.112818443121527
2022	2058	1.02240725521561e-06
2022	2115	0.0205667398552114
2022	2139	0.0152937756632634
2022	2176	0.00690292777409187
2022	2181	0.00183088969954778
2022	2369	1.33065994466776e-05
2043	2058	0.00509082223478284
2043	2115	0.0245624142131253
2043	2139	0.00633078433243889
2043	2176	0.0132146992015153
2043	2181	0.000332338694774811
2043	2369	2.98732855292785e-05
2058	2115	6.27561145785562e-06
2058	2139	3.96816754452068e-06
2058	2176	0.00548197416220475
2058	2181	0.0197887886780877
2058	2369	5.09196710909476e-07
2115	2139	0.0122882616776061
2115	2176	0.157324178584771
2115	2181	0.00162140117580264
2115	2369	0.0113183009426228
2139	2176	0.0310880074699695
2139	2181	0.00256906582827467
2139	2369	0.00102564976348735
2176	2181	0.0159548098526352
2176	2369	0.0205507461127852
2181	2369	0.0187402577257081
2369	2702	1.00754351980005e-05
2702	3078	4.42343077943953e-06
3078	3158	0.0108249624239819
3078	3212	0.0183007751996811
3078	3287	0.000226375282304425
3078	3317	5.63694396686321e-07
3078	3323	0.000571500888402724
3078	3332	0.000331978661236042
3078	3458	0.00119585532184387
3158	3212	0.00295108343052204
3158	3287	0.000198922480189925
3158	3317	0.000901423333970832
3158	3323	0.000659317761801696
3158	3332	2.48681363658708e-05
3158	3458	0.00045937346507177
3158	3488	1.20398541185466e-05
3158	3500	3.3742878539631e-07
3158	3542	0.000619864745580285
3212	3287	0.000102306646460396
3212	3317	1.17225048648395e-05
3212	3323	0.0235703123443804
3212	3332	0.000421214101515573
3212	3458	0.000667212143738543
3212	3488	6.6087583861982e-05
3212	3500	0.000115652532779495
3212	3542	0.000226422797573588
3287	3317	5.53923367406459e-05
3287	3323	0.00184215629241807
3287	3332	0.00135157097359175
3287	3458	0.000106639909743858
3287	3488	0.00010761295222284
3287	3500	0.000248310265622402
3287	3542	0.000300231832410846
3287	3644	1.53966319086473e-05
3317	3323	0.0269806154619334
3317	3332	0.00049491112243389
3317	3458	0.0177780996990037
3317	3488	0.00718548800498609
3317	3500	0.00381108647165974
3317	3542	0.0003445009914792
3317	3644	7.83428403219937e-05
3323	3332	0.00106741454068405
3323	3458	0.0010992285480986
3323	3488	0.000403433156520406
3323	3500	0.000216777724217122
3323	3542	9.53905935560304e-05
3323	3644	0.000400670116622194
3332	3458	0.000183396795135579
3332	3488	0.000163913358288371
3332	3500	2.12754367481348e-05
3332	3542	0.00210400585691307
3332	3644	5.39297780000644e-07
3458	3488	0.0453166210430763
3458	3500	0.00174518541436238
3458	3542	8.74137730561624e-05
3458	3644	0.00142285780849363
3458	3734	0.000211463414294748
3488	3500	0.00765512641306124
3488	3542	0.0179005800810572
3488	3644	0.00541138422812178
3488	3734	7.18374411728437e-06
3488	3881	2.51871865912578e-05
3500	3542	0.00122553386249157
3500	3644	0.000671561275976059
3500	3734	0.000130103471150353
3500	3881	3.64121394239983e-05
3500	3893	5.18637064133179e-05
3542	3644	0.00192277475807064
3542	3734	0.0018168750284512
3542	3881	0.000506291714431061
3542	3893	0.000486105742300558
3644	3734	0.00616982686905858
3644	3881	3.91372311542307e-05
3644	3893	3.50050154809115e-05
3644	3950	4.8010220106625e-05
3644	3983	0.000115359970697626
3644	4016	0.000169453313536819
3734	3881	0.0111869608590055
3734	3893	0.00694413305466593
3734	3950	0.000257274772632355
3734	3983	1.39286685177309e-06
3734	4016	0.000451257726648352
3734	4058	0.000343734189001359
3734	4103	8.94780375065744e-05
3881	3893	0.0319020640536994
3881	3950	0.177594795242758
3881	3983	0.00480782041745549
3881	4016	0.0132144038322634
3881	4058	0.00120858843696725
3881	4103	0.0032442128751575
3881	4146	0.000239237705511599
3881	4220	9.99372664539181e-05
3881	4250	1.72774471936926e-05
3881	4265	3.81428084913157e-06
3893	3950	0.00959149610545653
3893	3983	0.025490183789941
3893	4016	0.00325255825894467
3893	4058	0.00583211344604164
3893	4103	0.00114288751183423
3893	4146	3.81661342898992e-05
3893	4220	0.000468178335519375
3893	4250	1.25445516391314e-07
3893	4265	3.30461428891141e-05
3950	3983	0.0207049334522976
3950	4016	0.0212337355002298
3950	4058	0.0121086899070226
3950	4103	0.0294935394827016
3950	4146	0.0190505310023506
3950	4220	3.03014611342055e-08
3950	4250	0.00238054055386885
3950	4265	5.89886792072928e-06
3983	4016	0.000816320146327841
3983	4058	0.00210273416955321
3983	4103	0.00872045449606808
3983	4146	0.000299900095780593
3983	4220	0.000220140519073137
3983	4250	0.000201321139451693
3983	4265	5.91246029759815e-05
4016	4058	0.0695029506947624
4016	4103	0.0311830304397583
4016	4146	0.00800090522894565
4016	4220	7.80176896904561e-05
4016	4250	0.0029341842209886
4016	4265	7.64308422841439e-05
4016	4389	6.41584106343639e-06
4016	4391	0.000140994533108378
4058	4103	0.00183659609887641
4058	4146	0.00408540814116473
4058	4220	0.000241038726485172
4058	4250	0.000138857670959788
4058	4265	6.39911118386648e-05
4058	4389	0.000245295708305136
4058	4391	8.90970509935653e-05
4103	4146	0.0113468232184681
4103	4220	0.0175577727858909
4103	4250	0.0020268431994478
4103	4265	0.00458457289449647
4103	4389	9.06598606382984e-05
4103	4391	8.61405911266363e-06
4146	4220	0.00688909082682643
4146	4250	0.0164818065794938
4146	4265	0.0300619695713194
4146	4389	0.000350931720349313
4146	4391	1.24468764526387e-05
4146	4505	3.83276272941947e-05
4146	4539	6.07836224607642e-06
4220	4250	0.00883667340257438
4220	4265	0.0280278896689794
4220	4389	0.000160219842081641
4220	4391	0.143023546290019
4220	4505	0.000148903569173037
4220	4539	3.70551680871545e-05
4220	4566	5.4698135380988e-05
4220	4607	0.00126274124941778
4220	4619	9.50430494399321e-05
4250	4265	0.209685184028161
4250	4389	0.0129142653191362
4250	4391	0.00020309429144075
4250	4505	5.37866097848225e-06
4250	4539	5.97766023257269e-06
4250	4566	7.76031524094692e-05
4250	4607	1.34088233261558e-05
4250	4619	1.73776814423166e-05
4265	4389	0.0061596200682724
4265	4391	0.00806039492164909
4265	4505	9.19350176055558e-06
4265	4539	9.46017917614835e-07
4265	4566	3.26393641548241e-05
4265	4607	0.00485946161497558
4265	4619	4.15816668094304e-06
4389	4391	0.000414357228029694
4389	4505	0.00350703866141975
4389	4539	1.32907904403981e-05
4389	4566	0.000207717606605426
4389	4607	1.61916354613686e-05
4389	4619	3.76239007988907e-05
4391	4505	0.000281506833973718
4391	4539	7.94396629209426e-06
4391	4566	0.000936028376838632
4391	4607	7.60895339007206e-06
4391	4619	1.57739084854538e-05
4505	4539	3.7144487785871e-06
4505	4566	0.0309118972909946
4505	4607	0.00210992159927498
4505	4619	0.0110728839077232
4505	4830	6.25478978471834e-05
4505	4866	0.000637306394261844
4539	4566	0.0365017808548764
4539	4607	0.124678588999169
4539	4619	0.0292327700295331
4539	4830	2.44405835890496e-05
4539	4866	0.000283562551384488
4566	4607	0.00489543540524776
4566	4619	0.0428931591905009
4566	4830	0.000654329687792596
4566	4866	3.66468714690385e-06
4607	4619	2.35378379150856e-06
4607	4830	2.6748206238223e-05
4607	4866	0.000744414162792189
4607	4970	3.06121511872923e-06
4607	4974	5.09031491233205e-05
4619	4830	7.49277992464559e-05
4619	4866	1.2525517061531e-05
4619	4970	0.00210254484103
4619	4974	9.87311777870041e-07
4830	4866	0.000473526124843877
4830	4970	0.00640993196980825
4830	4974	0.00978961499199639
4830	5027	0.00100651512057708
4830	5149	0.000200237874819057
4830	5156	4.13748222572456e-06
4830	5177	0.000250669029685423
4830	5178	0.000115912439087866
4830	5180	0.000234413734846291
4830	5205	8.20727747731302e-05
4866	4970	0.00058772451904061
4866	4974	0.000197044341288495
4866	5027	1.25453638108808e-05
4866	5149	7.19649668420465e-05
4866	5156	3.39257159423914e-05
4866	5177	1.59929691967407e-05
4866	5178	1.12138985680818e-05
4866	5180	0.00107703982144831
4866	5205	2.47888040731602e-06
4866	5233	6.17471050658431e-05
4970	4974	6.43759349489816e-05
4970	5027	0.0037052960645591
4970	5149	0.00908250578530364
4970	5156	1.66386028897926e-06
4970	5177	0.000767431615379726
4970	5178	1.83500575363094e-05
4970	5180	0.0040662259363266
4970	5205	0.00439527779682292
4970	5233	0.000625229020146483
4970	5309	5.30983560901728e-05
4974	5027	0.00329418099512318
4974	5149	0.000382492880370462
4974	5156	1.82652858482378e-05
4974	5177	0.00407502895295498
4974	5178	0.000706827243012866
4974	5180	1.77822077141253e-05
4974	5205	8.20651940556077e-05
4974	5233	0.000112103892780632
4974	5309	0.00104059141047885
5027	5149	0.00493550304630965
5027	5156	0.0020202968687272
5027	5177	0.00360587896199798
5027	5178	0.00100958977791654
5027	5180	0.00080521892005486
5027	5205	4.60085757300959e-05
5027	5233	0.00198228772704777
5027	5309	5.82340286136512e-06
5149	5156	0.0168940165161361
5149	5177	0.122529800527686
5149	5178	0.00663637098968329
5149	5180	0.370483248563639
5149	5205	0.265387545574191
5149	5233	0.0213973556332562
5149	5309	1.78037621063885e-05
5149	5435	0.000212750789364134
5149	5464	0.000302730167463668
5156	5177	0.00258448300086644
5156	5178	0.00454280534144376
5156	5180	0.0166804235883017
5156	5205	0.780016518579676
5156	5233	0.241141763279237
5156	5309	0.00137923733329387
5156	5435	3.265315600009e-05
5156	5464	7.86370211438687e-07
5177	5178	0.371091509219212
5177	5180	0.0546965179448179
5177	5205	0.0911994790327907
5177	5233	0.223976054525263
5177	5309	0.00607746643334975
5177	5435	0.000297947572438123
5177	5464	4.75887841009529e-08
5178	5180	0.0136215875446556
5178	5205	0.00825391997396147
5178	5233	0.197605294145702
5178	5309	0.0107540633456592
5178	5435	3.62990536130452e-05
5178	5464	3.86916772285669e-05
5180	5205	0.1238185652073
5180	5233	0.000503469730552881
5180	5309	0.00357438371065863
5180	5435	5.11750447245686e-05
5180	5464	0.000160130886489228
5205	5233	0.250979042786401
5205	5309	0.00172904357172622
5205	5435	3.22900891936094e-05
5205	5464	0.0007573121830372
5205	5605	1.82939338622023e-05
5233	5309	0.00983088422333993
5233	5435	9.5315280034718e-06
5233	5464	3.13296922582174e-08
5233	5605	0.000991048539173099
5233	5630	0.000695265664033121
5233	5631	1.26361118828873e-05
5233	5633	4.9885263893046e-05
5309	5435	0.000251857462619281
5309	5464	0.00572472462531726
5309	5605	0.000197404658242631
5309	5630	7.0530275157023e-07
5309	5631	0.000218565782549263
5309	5633	4.18976160865578e-05
5309	5653	0.000162663710880308
5309	5658	4.416462118258e-08
5309	5661	0.000148462195486902
5309	5665	7.80532132186592e-05
5309	5681	4.31114310309472e-05
5309	5708	0.000115306603670598
5435	5464	2.52679622783102e-06
5435	5605	0.00459792091404191
5435	5630	0.000186793402645408
5435	5631	2.81170157616676e-05
5435	5633	0.000890638076037447
5435	5653	6.36021349837894e-07
5435	5658	2.65409216777401e-05
5435	5661	1.2188721201536e-05
5435	5665	1.38227044634698e-05
5435	5681	0.000136566112781516
5435	5708	0.00335308695455316
5435	5728	0.000278714044551179
5435	5757	7.08496977957423e-05
5435	5782	0.000500417104127201
5435	5823	0.000144352671140186
5464	5605	0.000227865720548825
5464	5630	0.00057164722617239
5464	5631	0.002184034060401
5464	5633	0.00070724697685894
5464	5653	0.000465242199213961
5464	5658	8.01981316556023e-07
5464	5661	0.00183762799847414
5464	5665	4.32058572942616e-05
5464	5681	1.10786081551036e-05
5464	5708	0.00196296736228761
5464	5728	0.000167117552553457
5464	5757	0.000176961179266249
5464	5782	0.00270514360422307
5464	5823	0.000275366508209177
5605	5630	0.0667412466809799
5605	5631	0.000316986666888602
5605	5633	0.024862376454688
5605	5653	0.000478417901430801
5605	5658	0.0476210827299076
5605	5661	0.00236706829388831
5605	5665	0.0178586028463651
5605	5681	0.0215105015672391
5605	5708	8.04027968536058e-06
5605	5728	2.71813862271397e-07
5605	5757	0.000104993595664763
5605	5782	0.000136620928619377
5605	5823	3.96651555711474e-05
5605	6005	0.00130017396801341
5630	5631	4.65844715384078e-06
5630	5633	0.0455365513313948
5630	5653	0.216695738207838
5630	5658	0.0178626780791888
5630	5661	0.0160322510051399
5630	5665	0.0601663940346772
5630	5681	0.439865021987313
5630	5708	0.0300180919145748
5630	5728	0.00858378752422573
5630	5757	0.000153073334557697
5630	5782	0.000360451427194434
5630	5823	0.0364604154558029
5630	6005	5.01886721184159e-07
5631	5633	3.2123749189833e-05
5631	5653	0.0187357648831394
5631	5658	0.00033793397400597
5631	5661	0.0411935372686109
5631	5665	0.000836418964184391
5631	5681	0.00163187609995406
5631	5708	0.000249686054080428
5631	5728	0.0383546155380719
5631	5757	0.0364358698112841
5631	5782	0.00700495825008143
5631	5823	0.000955004495536422
5631	6005	4.13689399219067e-07
5633	5653	0.00299887710103892
5633	5658	0.0465452667619684
5633	5661	0.00201342041051097
5633	5665	0.784865340681562
5633	5681	0.100000543360139
5633	5708	0.0154927998400449
5633	5728	0.000753096882423312
5633	5757	1.30459307538909e-05
5633	5782	0.0511729731071907
5633	5823	0.00165026842652965
5633	6005	8.79660492338047e-05
5653	5658	0.000481669758125572
5653	5661	0.000567767110738651
5653	5665	0.00638023183837435
5653	5681	0.179558484154681
5653	5708	0.000539379100796781
5653	5728	0.0114733080909685
5653	5757	0.00246651785949249
5653	5782	0.000362174886675576
5653	5823	0.0152485338809074
5653	6005	4.51809996873608e-05
5653	6037	2.8847240105857e-06
5658	5661	0.00315080179849951
5658	5665	0.495914293792638
5658	5681	0.197973313317633
5658	5708	0.316695176464211
5658	5728	0.00542196164958218
5658	5757	0.00261669592623539
5658	5782	5.88145400967368e-08
5658	5823	0.00300498943900751
5658	6005	3.9719969007423e-05
5658	6037	3.49028508225514e-05
5661	5665	0.0122192711783211
5661	5681	0.0375689407915005
5661	5708	0.00529728248174452
5661	5728	0.064715484427629
5661	5757	0.0802570711462295
5661	5782	0.00727067531358271
5661	5823	0.00607690396507542
5661	6005	8.05302941873487e-06
5661	6037	7.57431303014661e-07
5665	5681	0.192293110558211
5665	5708	0.33485919982186
5665	5728	0.000282386680392083
5665	5757	0.000175208334112904
5665	5782	0.0433989391316032
5665	5823	0.00846266442701451
5665	6005	8.86280866184084e-05
5665	6037	3.44043525089e-06
5681	5708	0.220789145815568
5681	5728	0.386288313454843
5681	5757	0.0357348629459947
5681	5782	0.00212652160335166
5681	5823	0.108854391849945
5681	6005	0.000139139337144606
5681	6037	1.65394180623098e-05
5708	5728	0.0220746215089773
5708	5757	0.00685356692603598
5708	5782	2.10868203373845e-05
5708	5823	0.0193272003764244
5708	6005	8.13284295157683e-05
5708	6037	0.000102927074153492
5728	5757	0.925933256379836
5728	5782	0.00815947472981866
5728	5823	0.0335480589514197
5728	6005	8.7955611429096e-05
5728	6037	0.000183853454941193
5728	6123	0.000148130938872505
5757	5782	0.0147517653450139
5757	5823	0.00176916405779707
5757	6005	3.50503697333585e-05
5757	6037	7.97711257113356e-05
5757	6123	4.15568725096889e-05
5757	6149	3.99984762700246e-05
5782	5823	5.51768376597761e-05
5782	6005	0.000128031622062071
5782	6037	0.000257592669758933
5782	6123	0.000563524217597217
5782	6149	0.000117097242493287
5823	6005	0.000168806816051406
5823	6037	0.0018722479313061
5823	6123	2.88171443623853e-05
5823	6149	0.000713414398914278
6005	6037	0.376310155498708
6005	6123	3.03923387697767e-05
6005	6149	0.000569028222097762
6005	6238	1.48510241546042e-05
6005	6267	1.60684903331962e-05
6005	6291	6.8182391533747e-07
6005	6358	3.01340869135479e-05
6005	6374	3.32023629098152e-05
6037	6123	0.00498987848809467
6037	6149	0.00139811991554059
6037	6238	1.89521482232775e-06
6037	6267	0.0335074836683942
6037	6291	3.35856880513663e-06
6037	6358	4.05649694791943e-05
6037	6374	4.4679057024736e-05
6123	6149	0.00108776619093872
6123	6238	0.000381994926316372
6123	6267	0.0110156463811743
6123	6291	0.00128604059676374
6123	6358	0.000208242522594093
6123	6374	2.50874985873866e-05
6123	6479	4.72326576559057e-05
6123	6496	1.67939066939212e-05
6149	6238	0.000699416450270798
6149	6267	0.00664989683978072
6149	6291	0.00115059579999436
6149	6358	0.000591994353993958
6149	6374	0.000245999745149275
6149	6479	0.000224919752017661
6149	6496	5.78599278026699e-05
6238	6267	0.000844214112543136
6238	6291	0.000321321072403875
6238	6358	0.00255433044604559
6238	6374	0.000452331973832115
6238	6479	2.59539148504695e-08
6238	6496	1.99861374279838e-05
6238	6568	6.01186304703919e-06
6238	6622	0.000241706785818074
6238	6627	0.000414469383941367
6238	6633	1.28043275209204e-06
6267	6291	0.0354067078556881
6267	6358	0.0361502611774624
6267	6374	0.00561840143804713
6267	6479	0.000170305326099302
6267	6496	7.59001366980924e-06
6267	6568	1.01461486766911e-05
6267	6622	1.59619022338019e-05
6267	6627	1.55356834744313e-06
6267	6633	5.57161263363165e-05
6267	6645	0.00279279045426889
6267	6657	0.000154798584892203
6291	6358	0.00148386736039613
6291	6374	0.00491339460068944
6291	6479	0.00934847013384634
6291	6496	0.00552257915497669
6291	6568	2.91055147674106e-06
6291	6622	0.000172452450728268
6291	6627	4.46405544584125e-07
6291	6633	1.64487035430935e-05
6291	6645	0.000784489890739057
6291	6657	0.000328063401685597
6291	6670	7.70825236429589e-05
6291	6688	4.20920333007918e-05
6358	6374	0.111897289019262
6358	6479	0.014990265086108
6358	6496	0.00939168037723463
6358	6568	0.00424877732852082
6358	6622	0.000536199001080827
6358	6627	9.29058766737882e-07
6358	6633	0.00032868036104784
6358	6645	8.14009131851534e-05
6358	6657	0.000275594114632214
6358	6670	0.000162795537964464
6358	6688	7.77922894692035e-05
6358	6710	4.30400492853089e-05
6358	6725	3.83080833612346e-05
6374	6479	0.00786026039921226
6374	6496	0.00484248478759155
6374	6568	0.00570609025799352
6374	6622	4.67177514702922e-05
6374	6627	0.0128968811499777
6374	6633	0.00033899435812888
6374	6645	7.8775474698597e-05
6374	6657	0.000128716056780614
6374	6670	3.16189343155586e-06
6374	6688	9.57509154049844e-05
6374	6710	4.1544441494246e-05
6374	6725	4.61434724600375e-05
6479	6496	0.0817770005619047
6479	6568	0.0766761030861876
6479	6622	0.00514732378651723
6479	6627	6.74012611172433e-06
6479	6633	9.95869156359376e-05
6479	6645	0.0142960322479576
6479	6657	9.66865391722939e-07
6479	6670	7.20524850424583e-05
6479	6688	0.00164849474602124
6479	6710	3.03691716001675e-05
6479	6725	7.68247485180905e-05
6479	6790	0.000220125704463581
6479	6817	0.000137158548080758
6479	6820	2.17011939984284e-05
6496	6568	0.0661901753133211
6496	6622	0.00251224636514362
6496	6627	6.28741325255935e-07
6496	6633	0.0125610278862857
6496	6645	0.00124199015174641
6496	6657	0.00241267591915307
6496	6670	0.00509211767340702
6496	6688	0.0127157258941356
6496	6710	1.14143810824929e-05
6496	6725	1.00334941643427e-05
6496	6790	6.99189872001641e-06
6496	6817	1.07113644170547e-05
6496	6820	1.80936995153473e-05
6568	6622	0.0182967448886099
6568	6627	3.64573815488281e-06
6568	6633	0.0149868287245885
6568	6645	0.112630438703659
6568	6657	6.15275252060139e-06
6568	6670	0.00187612674099471
6568	6688	0.000391893669263528
6568	6710	2.24796434340014e-05
6568	6725	2.35986108821598e-05
6568	6790	1.76273145031178e-05
6568	6817	2.16399557050716e-05
6568	6820	3.45904063507986e-05
6568	6909	0.000111217676544977
6568	6910	5.36114124473665e-05
6568	6943	4.17428969038434e-05
6622	6627	0.000541110731623025
6622	6633	0.0295842319472921
6622	6645	0.0163768771712112
6622	6657	0.00298015503154588
6622	6670	0.00679803236694606
6622	6688	0.00756295577692109
6622	6710	0.00347070493472923
6622	6725	2.8079291581819e-05
6622	6790	3.33474951860943e-05
6622	6817	1.84836236036857e-07
6622	6820	3.81812004271353e-05
6622	6909	4.13868700419694e-08
6622	6910	2.04535239750274e-05
6622	6943	1.47102550413182e-05
6622	6970	0.00396702861319705
6627	6633	0.0996521204503616
6627	6645	0.00823181583887749
6627	6657	3.4102379891418e-05
6627	6670	0.00928086711751171
6627	6688	0.0219996965559096
6627	6710	8.05488491180438e-07
6627	6725	0.0220284877705127
6627	6790	NA
6627	6817	NA
6627	6820	NA
6627	6909	7.42712992875411e-06
6627	6910	3.24576912570881e-06
6627	6943	2.54750425030972e-06
6627	6970	5.99682460033595e-06
6633	6645	1.08304837334724e-05
6633	6657	0.0184135226720934
6633	6670	0.0987669260028385
6633	6688	0.102983593264868
6633	6710	0.17454963904227
6633	6725	0.152484028532241
6633	6790	0.0524470940343659
6633	6817	0.0173165354209736
6633	6820	0.00423051082320333
6633	6909	0.000202467509291398
6633	6910	8.78886035079117e-05
6633	6943	6.23652293186859e-05
6633	6970	3.10808499497321e-05
6633	7030	4.16426175447084e-06
6645	6657	0.0128209979009577
6645	6670	0.0408621507639779
6645	6688	0.000118357202035744
6645	6710	7.32810077731634e-05
6645	6725	0.0173085816663754
6645	6790	0.000770766082314672
6645	6817	0.000121307112356697
6645	6820	7.52524195154415e-05
6645	6909	0.000491437596941916
6645	6910	1.04293448726342e-05
6645	6943	0.000162380574751709
6645	6970	3.31732168628127e-05
6645	7030	1.63218631851968e-05
6657	6670	0.0315396190102799
6657	6688	0.0183209449591989
6657	6710	0.00719508816457388
6657	6725	3.02510495017764e-05
6657	6790	1.08240419425239e-05
6657	6817	0.00040487525580258
6657	6820	6.93794006521307e-05
6657	6909	1.42402154354662e-05
6657	6910	0.000156117671571489
6657	6943	0.000225979351638403
6657	6970	0.000417430434328905
6657	7030	9.054779232482e-05
6670	6688	0.320586938147311
6670	6710	0.107939716365958
6670	6725	0.110197357943451
6670	6790	0.0541878944526081
6670	6817	0.0123552781562501
6670	6820	0.0235644796550726
6670	6909	4.85770736499296e-05
6670	6910	2.19903374326002e-06
6670	6943	4.00270011188833e-05
6670	6970	0.00382514623539362
6670	7030	2.50878640282973e-05
6688	6710	0.192536430953518
6688	6725	0.427034067374073
6688	6790	0.244450071611773
6688	6817	0.138590572133592
6688	6820	0.266064847239679
6688	6909	1.41864094197759e-06
6688	6910	0.00200655515330923
6688	6943	7.86063246945477e-05
6688	6970	0.0127469424615975
6688	7030	8.80458320261617e-06
6710	6725	0.130317719347125
6710	6790	0.00219432824069557
6710	6817	0.108596504140165
6710	6820	0.0329955136424124
6710	6909	1.39034052839962e-05
6710	6910	0.0011789082750647
6710	6943	6.09415199874937e-05
6710	6970	0.00202196545562835
6710	7030	6.96259646136384e-06
6725	6790	0.491680096793485
6725	6817	0.0064268956155895
6725	6820	0.0406819103279379
6725	6909	0.00471898514708796
6725	6910	0.00010006849132295
6725	6943	0.000104620538553494
6725	6970	0.00355605075186718
6725	7030	1.10999515487115e-05
6790	6817	0.0827587480770405
6790	6820	0.0779124878634884
6790	6909	0.00297155664537333
6790	6910	0.00322564458507653
6790	6943	0.00154342481776716
6790	6970	0.00850236881610303
6790	7030	1.16746654155317e-05
6817	6820	0.354832892112734
6817	6909	6.58631697810662e-05
6817	6910	0.0556424407210769
6817	6943	3.50067023248826e-05
6817	6970	0.0139830101195679
6817	7030	1.22729140162712e-05
6820	6909	0.00867769190136039
6820	6910	0.0193000382487394
6820	6943	9.0082006948106e-05
6820	6970	0.000350231972872585
6820	7030	2.57768576796263e-05
6909	6910	0.00772676470847607
6909	6943	0.00519803066786974
6909	6970	6.6583417218351e-06
6909	7030	0.00704023799273617
6909	7231	0.000129940246880502
6909	7232	4.73943308418418e-06
6909	7238	5.92176502436383e-05
6910	6943	0.0163948122858519
6910	6970	0.00770388609570246
6910	7030	0.0197051101722374
6910	7231	2.9348928548307e-05
6910	7232	0.00012348502474433
6910	7238	1.53774677791604e-05
6943	6970	0.00779310341966425
6943	7030	1.74023974934979e-05
6943	7231	4.47027157149254e-05
6943	7232	0.000183731509730352
6943	7238	1.90318991932205e-05
6943	7325	1.56536671871887e-05
6970	7030	0.00141343602326939
6970	7231	0.000320533499990466
6970	7232	4.39460167952971e-05
6970	7238	2.53063331629374e-05
6970	7325	2.92781415641086e-05
7030	7231	0.00252204884878462
7030	7232	0.000268028225018852
7030	7238	7.2340453852433e-06
7030	7325	3.22037198731517e-06
7030	7383	NA
7030	7424	0.000535427288760238
7231	7232	0.0665796553458742
7231	7238	0.0813394289763565
7231	7325	0.0147042441628052
7231	7383	NA
7231	7424	2.10726719281311e-05
7231	7447	0.000384629376426245
7231	7450	0.00849003499612856
7231	7529	0.00191275162165062
7231	7567	0.00107343978863262
7232	7238	0.00217912409789641
7232	7325	0.0104652513746058
7232	7383	NA
7232	7424	0.000276251957866343
7232	7447	4.19934085996847e-05
7232	7450	0.00266869657639809
7232	7529	4.54354403665005e-05
7232	7567	0.000273096313529615
7238	7325	2.07128662801902e-05
7238	7383	NA
7238	7424	0.000862611113937507
7238	7447	1.66377041353733e-05
7238	7450	0.000555014552734835
7238	7529	0.000589824269579322
7238	7567	5.80795306117934e-05
7325	7383	NA
7325	7424	0.00088317108045127
7325	7447	0.0425881026653119
7325	7450	0.0376732216849273
7325	7529	0.00366401407697099
7325	7567	2.87430909347728e-06
7325	7645	0.000241691213740193
7325	7700	4.6559664093187e-05
7383	7424	NA
7383	7447	NA
7383	7450	NA
7383	7529	NA
7383	7567	NA
7383	7645	NA
7383	7700	NA
7383	7744	NA
7383	7765	NA
7424	7447	0.124387943328283
7424	7450	0.0444100891890499
7424	7529	0.0530152635214088
7424	7567	0.0327519993513601
7424	7645	1.50353690546548e-06
7424	7700	2.92741731114689e-06
7424	7744	0.000414814838154525
7424	7765	1.66264263102361e-05
7424	7816	0.000252567470742775
7447	7450	0.562478014531587
7447	7529	0.102996551931045
7447	7567	0.00269727928212212
7447	7645	0.00233904847839378
7447	7700	2.50581137442278e-05
7447	7744	0.000291809270151341
7447	7765	0.000211941895326077
7447	7816	0.000109385389894913
7447	7836	0.000113429550076349
7450	7529	0.428142060369902
7450	7567	0.011716011443397
7450	7645	0.00809620636235905
7450	7700	0.000102383084424304
7450	7744	4.92822740812552e-05
7450	7765	2.89949928529886e-05
7450	7816	1.01075288503201e-05
7450	7836	1.40414728943407e-05
7529	7567	6.94181033798174e-05
7529	7645	0.0123247826118815
7529	7700	0.000388466533766179
7529	7744	7.60710499825579e-05
7529	7765	0.000441512655651394
7529	7816	1.5838373249386e-05
7529	7836	1.50109635175993e-05
7529	7864	1.16786910998081e-05
7567	7645	0.000514443151891246
7567	7700	6.42706975105209e-06
7567	7744	2.35867673707759e-05
7567	7765	0.000256500992492619
7567	7816	0.000100427726530119
7567	7836	2.6830234986638e-05
7567	7864	3.14682886551497e-06
7567	7963	0.000147152312976592
7645	7700	0.00434209981036221
7645	7744	0.000871949164099623
7645	7765	0.0202057205034359
7645	7816	0.000802478341659554
7645	7836	3.24823753037704e-05
7645	7864	2.11667218009373e-05
7645	7963	3.67502985338919e-06
7700	7744	0.109380164956744
7700	7765	0.027724331839274
7700	7816	0.0195060082848749
7700	7836	0.0033888851018421
7700	7864	0.00652275527879217
7700	7963	0.000200879226950306
7700	8048	3.84591315980064e-07
7700	8071	2.04694258534419e-05
7700	8089	1.68245041273333e-05
7744	7765	0.0385326302070636
7744	7816	0.0480309031808475
7744	7836	0.0294960728919275
7744	7864	0.0154894379853984
7744	7963	8.49971195963188e-07
7744	8048	1.29285204029404e-06
7744	8071	3.1256133138336e-05
7744	8089	6.77940766525375e-06
7744	8125	1.71894006098714e-05
7744	8135	2.07959311060672e-05
7744	8141	0.000912091172892472
7765	7816	0.261482275854982
7765	7836	0.00481034865222815
7765	7864	0.0255406506478934
7765	7963	0.000107437301266819
7765	8048	2.24353533330027e-05
7765	8071	1.44121296233768e-05
7765	8089	2.12311912581804e-05
7765	8125	1.48122071432598e-05
7765	8135	1.78360271358281e-05
7765	8141	0.000883081380352262
7816	7836	0.0659803118444311
7816	7864	0.00546491992707823
7816	7963	0.000112968925148319
7816	8048	0.00027826594892638
7816	8071	0.000231895162128231
7816	8089	0.000183568816619418
7816	8125	1.7293874418888e-05
7816	8135	1.6223512444623e-05
7816	8141	0.0010781346637442
7816	8170	0.000201041733577424
7816	8197	0.000144715510991923
7836	7864	0.227387335561658
7836	7963	0.0117434037493609
7836	8048	9.93077102493527e-06
7836	8071	1.60897367309089e-05
7836	8089	4.38558409300304e-05
7836	8125	1.08471075780876e-05
7836	8135	8.57535664545381e-06
7836	8141	5.03045057158661e-06
7836	8170	3.13764147518887e-05
7836	8197	0.000139426740228285
7836	8234	2.94301441194158e-06
7864	7963	0.0249141989931709
7864	8048	0.000257181492260365
7864	8071	2.66163162845547e-05
7864	8089	5.37098593398461e-05
7864	8125	1.20116578599375e-05
7864	8135	8.08119989656064e-06
7864	8141	6.79374596185688e-06
7864	8170	3.49263542493422e-05
7864	8197	3.53980794676249e-05
7864	8234	4.24927884426414e-06
7963	8048	8.75979672883874e-06
7963	8071	0.000827586300548961
7963	8089	0.00152684061231576
7963	8125	0.00180052002223574
7963	8135	0.00432736920177995
7963	8141	0.000698717739785394
7963	8170	0.000884869222436231
7963	8197	2.96735790334139e-05
7963	8234	2.00217535174217e-05
7963	8270	6.44635211817084e-05
7963	8288	6.83544677958086e-05
8048	8071	0.00701611741495443
8048	8089	0.00115424701145887
8048	8125	0.00268483103931385
8048	8135	0.0100254782098912
8048	8141	0.00331343764353416
8048	8170	8.65571693407589e-05
8048	8197	1.16470422201071e-05
8048	8234	0.000357143053916492
8048	8270	2.55025407364829e-05
8048	8288	0.000239444077774702
8048	8384	0.00111542892329144
8048	8424	0.000182113200361226
8071	8089	0.00378300411243727
8071	8125	6.5265588827704e-06
8071	8135	0.000884727149898503
8071	8141	7.12691214790532e-07
8071	8170	0.000398411041909365
8071	8197	7.17616003566272e-05
8071	8234	0.000229574023635554
8071	8270	0.000202405468140575
8071	8288	8.47064238137496e-06
8071	8384	0.000255886759810061
8071	8424	0.000327222559620531
8089	8125	0.0483858770932003
8089	8135	0.0197326841730984
8089	8141	0.024299375851362
8089	8170	0.0303813057549169
8089	8197	0.000252692734263295
8089	8234	0.00694177253179522
8089	8270	0.0019741179921835
8089	8288	7.46927260081362e-05
8089	8384	8.50861297643247e-05
8089	8424	2.51981206829403e-06
8089	8479	4.06632756458094e-05
8089	8480	7.8061732061625e-05
8125	8135	0.19964162641412
8125	8141	0.364328285934018
8125	8170	0.261731676722151
8125	8197	0.00844186780391011
8125	8234	0.21083778796471
8125	8270	0.000784839759022527
8125	8288	0.0142319143762984
8125	8384	2.20502651544385e-05
8125	8424	1.17588896834755e-05
8125	8479	3.263072018276e-05
8125	8480	6.65433808680042e-05
8135	8141	0.144534441556728
8135	8170	0.0979471187745968
8135	8197	0.000958161041186315
8135	8234	0.00142182082760759
8135	8270	0.0237729476376747
8135	8288	0.00845431498464266
8135	8384	9.51131899801425e-06
8135	8424	0.000926863505944032
8135	8479	1.02359369764221e-05
8135	8480	2.01092371466626e-05
8135	8535	1.66534095433726e-05
8141	8170	0.290502625125668
8141	8197	0.0116058486512226
8141	8234	0.27294957305376
8141	8270	0.0196930909639014
8141	8288	1.02786807313281e-05
8141	8384	1.60658239759472e-05
8141	8424	0.000156743466108975
8141	8479	1.53416406864844e-05
8141	8480	0.000933665759936623
8141	8535	3.20570432186187e-05
8170	8197	0.0265064142772625
8170	8234	0.200915407970585
8170	8270	0.0133298416030222
8170	8288	0.0108970050492363
8170	8384	3.61586962277287e-05
8170	8424	0.000152986413969244
8170	8479	5.07546990860701e-05
8170	8480	8.49980002256863e-05
8170	8535	0.000115319051064918
8170	8564	1.51439002714569e-05
8197	8234	0.0101092371409239
8197	8270	0.000659665279011139
8197	8288	0.000981753215584764
8197	8384	1.6503531806806e-05
8197	8424	0.00039637989850084
8197	8479	1.25256358682775e-05
8197	8480	6.06642549273078e-05
8197	8535	1.15067125557853e-07
8197	8564	0.000133974074940795
8197	8589	4.90835221683133e-05
8234	8270	0.0423379035620802
8234	8288	0.022952170451631
8234	8384	0.0169355543333787
8234	8424	0.000972372918227499
8234	8479	1.44863562323305e-05
8234	8480	3.44117349508499e-05
8234	8535	3.78425425863756e-05
8234	8564	6.89507050011452e-06
8234	8589	4.03846153846154e-05
8234	8632	2.53270353438778e-05
8270	8288	0.0233825640526533
8270	8384	0.0485450035817011
8270	8424	2.96911030073268e-05
8270	8479	0.0164593723149239
8270	8480	0.00186540125754492
8270	8535	1.2632946479911e-05
8270	8564	2.39227946173712e-06
8270	8589	1.88738872416549e-05
8270	8632	1.00512878560495e-05
8288	8384	0.335719811375838
8288	8424	9.11978797101416e-07
8288	8479	0.00368548599718973
8288	8480	1.23968253548467e-05
8288	8535	9.66374840987413e-06
8288	8564	1.38451535870578e-06
8288	8589	0.000643748504999416
8288	8632	1.25631062775617e-05
8384	8424	0.000923318692130257
8384	8479	0.0995980946710331
8384	8480	0.0222213269527984
8384	8535	0.00449552236883308
8384	8564	5.95450739338575e-07
8384	8589	0.00104438026883331
8384	8632	3.71830646359698e-06
8384	8700	4.07836273031253e-06
8384	8711	5.32581820701756e-06
8424	8479	0.00122571941555684
8424	8480	2.12477506167081e-06
8424	8535	6.34255204883986e-06
8424	8564	0.000335751602630257
8424	8589	0.000216634029609927
8424	8632	6.80711680975191e-05
8424	8700	6.892527929301e-05
8424	8711	2.71722822730617e-05
8424	8794	0.000264811364161239
8479	8480	0.438945989261908
8479	8535	0.000555411387885005
8479	8564	0.0749179061232287
8479	8589	6.13068558807429e-05
8479	8632	0.0014149207898694
8479	8700	1.46429909027757e-05
8479	8711	0.00236820432483263
8479	8794	2.21314245781498e-05
8479	8827	0.000396099527170745
8479	8848	0.000887281205381439
8479	8853	0.00166182953261879
8480	8535	0.0144534231469629
8480	8564	0.00237279006450901
8480	8589	0.00167748324546824
8480	8632	0.00011669573443597
8480	8700	2.42375283116142e-05
8480	8711	0.00131299863095184
8480	8794	5.04216680512403e-05
8480	8827	0.00176207788652718
8480	8848	0.000168213162706982
8480	8853	1.67877932746219e-05
8535	8564	0.0251862093812248
8535	8589	0.000101210929204503
8535	8632	0.000767110261409462
8535	8700	0.000154480660356762
8535	8711	0.00112694702148896
8535	8794	8.7567499062674e-05
8535	8827	1.08948501242895e-05
8535	8848	0.000335287270704465
8535	8853	0.000240458917434862
8535	8890	9.71421901488905e-07
8535	8903	1.89869004746566e-05
8535	8909	3.91109618373904e-07
8535	8910	1.63109634204345e-06
8535	8923	6.34927316239747e-06
8564	8589	1.16933953959689e-05
8564	8632	0.0404582897039939
8564	8700	0.00308135085571194
8564	8711	0.0124966040975335
8564	8794	1.05582836454106e-05
8564	8827	1.46382374873207e-05
8564	8848	5.57897938444771e-05
8564	8853	3.25197497257825e-05
8564	8890	3.07188677188468e-05
8564	8903	4.07000284297236e-06
8564	8909	4.79386385426654e-05
8564	8910	0.00111984156799138
8564	8923	6.47190353998302e-05
8564	8951	2.12178213377836e-05
8564	8956	2.48458959186786e-05
8564	8961	7.67244221998035e-05
8564	8964	3.74985938027324e-05
8589	8632	0.00286083041125367
8589	8700	0.00146472808687847
8589	8711	0.000349768269204322
8589	8794	4.45761673467171e-05
8589	8827	0.000158545337999908
8589	8848	0.000406911916311139
8589	8853	0.000311762310207531
8589	8890	3.00871634248021e-05
8589	8903	3.16539666523507e-05
8589	8909	0.00034691389801581
8589	8910	1.20229271932058e-05
8589	8923	6.0829100641747e-05
8589	8951	9.88888844938273e-05
8589	8956	0.000108381804084605
8589	8961	0.00036768374995404
8589	8964	0.000180918132797404
8589	8970	8.54163271732009e-05
8589	8982	0.00325698625814661
8589	8983	0.00014333186567475
8589	8984	0.000485814448009546
8632	8700	0.0230353910326191
8632	8711	0.0351957962373928
8632	8794	0.00620016160113206
8632	8827	0.000112767989998298
8632	8848	1.30731104597278e-06
8632	8853	0.000175111776956693
8632	8890	1.59677501183843e-05
8632	8903	1.99755233254186e-05
8632	8909	0.000201364134905402
8632	8910	0.000517274592993006
8632	8923	0.000272102843615459
8632	8951	5.61048676167553e-05
8632	8956	6.57261452346111e-05
8632	8961	0.000223998188950813
8632	8964	0.000103877602504934
8632	8970	0.000741452737569427
8632	8982	0.000274518404764385
8632	8983	9.83494158044701e-05
8632	8984	0.000259329778787218
8632	8991	0.000104911048576909
8632	9008	3.12163497996951e-05
8632	9032	6.06162482108019e-05
8700	8711	0.0214648134798965
8700	8794	0.0196711350603595
8700	8827	0.00562439749897056
8700	8848	0.000485856186568776
8700	8853	0.000143400655556745
8700	8890	3.99907003431435e-05
8700	8903	0.00320581017065236
8700	8909	0.000662335960962707
8700	8910	6.39014385094132e-05
8700	8923	1.23958941249925e-05
8700	8951	2.74663797836042e-05
8700	8956	3.9778516918127e-05
8700	8961	0.000712355784641386
8700	8964	5.56923744863052e-05
8700	8970	0.000711156015178123
8700	8982	9.41646216311673e-07
8700	8983	0.000521828381903176
8700	8984	0.000142433065886344
8700	8991	5.15647292293924e-05
8700	9008	0.00220277188480545
8700	9032	2.70827554900589e-05
8700	9033	4.32880190665658e-05
8711	8794	0.0287288215414161
8711	8827	0.00313770301450113
8711	8848	0.0719349552763279
8711	8853	0.00219392369481708
8711	8890	0.0449527094440218
8711	8903	0.00552894793238837
8711	8909	0.00367333343716351
8711	8910	0.0814747791147277
8711	8923	0.0221871708291912
8711	8951	0.000202675643239428
8711	8956	0.00076996535797464
8711	8961	2.58667269093406e-05
8711	8964	0.000132523469150049
8711	8970	0.000601678511937963
8711	8982	0.000274331025538578
8711	8983	0.000135987815491732
8711	8984	5.90982939458472e-05
8711	8991	0.000146802215744971
8711	9008	5.37010479618191e-05
8711	9032	9.30956091906388e-05
8711	9033	0.000153947517364084
8794	8827	0.00863800272810086
8794	8848	0.00936292623543243
8794	8853	0.0115407965088891
8794	8890	0.0093737893835977
8794	8903	0.0442330754954609
8794	8909	0.00627570181078054
8794	8910	0.0114669858849342
8794	8923	0.0291017236119791
8794	8951	0.065264097866903
8794	8956	0.0125812525684851
8794	8961	0.0126661749350761
8794	8964	0.00678688326280194
8794	8970	0.000379700852888413
8794	8982	0.00296555324283876
8794	8983	0.00688248377652811
8794	8984	7.45091267966659e-05
8794	8991	0.00145015835602134
8794	9008	0.00059341732899527
8794	9032	9.04584120696625e-05
8794	9033	2.19651391070381e-05
8827	8848	0.327212143723258
8827	8853	0.094868678237963
8827	8890	0.242881897404499
8827	8903	0.00393924162688238
8827	8909	0.148625326825048
8827	8910	0.0495378775758012
8827	8923	0.014627372619686
8827	8951	0.0149747366821251
8827	8956	0.00406169432961638
8827	8961	0.0637435147478295
8827	8964	0.00591513047348694
8827	8970	0.00116936327883901
8827	8982	0.000327103195087175
8827	8983	0.00136789083809273
8827	8984	0.000176765935967026
8827	8991	0.00806204086862244
8827	9008	4.67296387490175e-05
8827	9032	0.00247575078966704
8827	9033	0.0889346996915467
8848	8853	0.12002281562128
8848	8890	0.742499258609668
8848	8903	0.0161242577931501
8848	8909	0.434461210633518
8848	8910	0.574278486075965
8848	8923	0.434984265997176
8848	8951	0.0224466159846464
8848	8956	0.0108050309322896
8848	8961	0.10520998491492
8848	8964	0.103513288658966
8848	8970	0.00369367977419234
8848	8982	0.138128759187005
8848	8983	0.00415239688795532
8848	8984	0.00125835027366672
8848	8991	0.0635551140019346
8848	9008	0.000303402225186808
8848	9032	0.0279900128414022
8848	9033	0.444007673030112
8848	9233	5.1257105550398e-05
8848	9237	5.12695976212366e-05
8848	9239	9.23189494331377e-05
8853	8890	0.0246713493178865
8853	8903	0.0166767770528311
8853	8909	0.170020687106953
8853	8910	0.0731597336739599
8853	8923	0.0434270857552022
8853	8951	0.0283831641905046
8853	8956	0.00834585414489231
8853	8961	0.0751071441087893
8853	8964	0.138396552618136
8853	8970	0.00509351217705491
8853	8982	0.00718836499708524
8853	8983	0.00468871125004671
8853	8984	0.0026127401390884
8853	8991	0.0822340927412795
8853	9008	0.000109878537555907
8853	9032	0.0257568060196075
8853	9033	0.00741404699632909
8853	9233	1.96671458807137e-05
8853	9237	1.56248078647856e-05
8853	9239	3.5176965324026e-05
8890	8903	0.00149550493678761
8890	8909	0.641773193223187
8890	8910	0.644214798565937
8890	8923	0.490283364321002
8890	8951	0.000806145271775307
8890	8956	0.0025565488237124
8890	8961	0.111167770014308
8890	8964	0.0463418792385055
8890	8970	0.00332863367829173
8890	8982	0.161185314544863
8890	8983	0.00241989008459338
8890	8984	0.000197855298799928
8890	8991	0.0217692012074009
8890	9008	0.000999775058299153
8890	9032	0.00721915680148158
8890	9033	0.475981484671417
8890	9233	4.24079315135466e-05
8890	9237	3.17347083291807e-05
8890	9239	4.75781701846085e-05
8890	9268	0.00580763694281237
8890	9289	0.000265671055217135
8903	8909	0.0118438265604242
8903	8910	0.0743618046014429
8903	8923	0.0434663176925
8903	8951	0.121637767921881
8903	8956	0.0266368057640471
8903	8961	0.00154347687902493
8903	8964	2.27574074315139e-05
8903	8970	0.000891486323647581
8903	8982	0.000171159585559747
8903	8983	6.66731793801307e-06
8903	8984	0.00368579661546792
8903	8991	1.07108165225445e-05
8903	9008	0.0129519531578196
8903	9032	0.00654703433518523
8903	9033	0.000924970450271757
8903	9233	2.30325629059157e-06
8903	9237	1.73254365918396e-06
8903	9239	2.58056166123012e-06
8903	9268	NA
8903	9289	NA
8903	9296	2.19574089002789e-05
8909	8910	0.236691729532215
8909	8923	0.176842087356225
8909	8951	0.00917118839474516
8909	8956	0.0100569856664695
8909	8961	0.439056075437557
8909	8964	0.300997272931415
8909	8970	0.00994599366081735
8909	8982	0.0300475493494047
8909	8983	0.00651167983791803
8909	8984	5.48071135947806e-05
8909	8991	0.105607418996788
8909	9008	0.0184216507544863
8909	9032	0.0404450324759016
8909	9033	0.0025754380432905
8909	9233	8.78292581655411e-06
8909	9237	6.53981423492519e-06
8909	9239	8.83277327939147e-06
8909	9268	0.0165099146489548
8909	9289	0.000816931412957903
8909	9296	8.52793104348767e-05
8910	8923	0.478352894188361
8910	8951	0.0499346070598408
8910	8956	0.00622911023008627
8910	8961	0.0534735785518139
8910	8964	0.127783873100439
8910	8970	0.000123135738752434
8910	8982	0.13846122329407
8910	8983	0.00610821729266944
8910	8984	0.000428678368751172
8910	8991	0.0606170558298797
8910	9008	0.000114229740184753
8910	9032	0.0400943858173107
8910	9033	0.460597947839875
8910	9233	6.15933107936386e-05
8910	9237	3.85695592880581e-05
8910	9239	5.12253073025283e-05
8910	9268	0.0115952527177194
8910	9289	1.07949323406025e-07
8910	9296	0.000246161354370386
8923	8951	0.110802122973168
8923	8956	0.00798111234137067
8923	8961	0.075136556439437
8923	8964	0.199613956537962
8923	8970	0.00739356893712183
8923	8982	0.152299350708918
8923	8983	0.00124181754671361
8923	8984	0.00116240228179408
8923	8991	0.09009896250003
8923	9008	0.000450231950576301
8923	9032	0.0438190288290708
8923	9033	0.395528614345862
8923	9233	4.95255340234401e-05
8923	9237	4.25001455020905e-05
8923	9239	5.66661212664273e-05
8923	9268	0.00309456291489276
8923	9289	0.000283948629461862
8923	9296	0.000116493142040026
8951	8956	0.0824517659188679
8951	8961	0.125714075245324
8951	8964	0.220076516872676
8951	8970	2.81039485292699e-05
8951	8982	0.00666921837757832
8951	8983	0.0402028005983381
8951	8984	0.00744169228375167
8951	8991	0.12639429559334
8951	9008	0.000994557868723645
8951	9032	0.0582448600606249
8951	9033	0.0408169276014911
8951	9233	5.7101096948327e-06
8951	9237	4.77213173237858e-06
8951	9239	9.35269354418767e-06
8951	9268	0.000204582651391162
8951	9289	0.000239014718195634
8951	9296	6.9372186768137e-05
8951	9325	3.06410099276872e-05
8951	9336	8.19123942125521e-05
8951	9337	0.000621212336218291
8951	9339	0.000112636859197077
8951	9351	4.23489553924337e-05
8956	8961	0.00713743402297645
8956	8964	0.0633399743210769
8956	8970	6.58894442582729e-06
8956	8982	0.0139767257671841
8956	8983	0.17965284648876
8956	8984	0.011330066159297
8956	8991	0.0102723637329312
8956	9008	0.0321473680766831
8956	9032	0.0149125096015703
8956	9033	0.0483277989369251
8956	9233	4.77594485320303e-06
8956	9237	3.93494253039581e-06
8956	9239	7.80508275023267e-06
8956	9268	7.15773034877668e-05
8956	9289	0.000229666829985301
8956	9296	5.64732509437181e-05
8956	9325	2.12395395267831e-05
8956	9336	6.78401149836823e-05
8956	9337	0.000846724765204652
8956	9339	0.000265965306303378
8956	9351	3.28853783959889e-05
8961	8964	0.432802192710846
8961	8970	0.00448367928084586
8961	8982	0.00823260278896816
8961	8983	0.0316797728807575
8961	8984	7.24747888727232e-05
8961	8991	0.0981927118783675
8961	9008	0.0171935930447778
8961	9032	0.0320082785619509
8961	9033	0.0018378204867247
8961	9233	9.41074336344085e-06
8961	9237	7.75681921642491e-06
8961	9239	1.54930191814212e-05
8961	9268	0.0213915618060696
8961	9289	0.000592795257637939
8961	9296	2.7657221801526e-06
8961	9325	6.90137326544587e-05
8961	9336	0.00012646522143388
8961	9337	0.00016912419050283
8961	9339	8.00608258440419e-05
8961	9351	6.18937980372892e-05
8964	8970	0.00602706579164996
8964	8982	0.0459917800177542
8964	8983	0.0456921654951871
8964	8984	0.00400256399431082
8964	8991	0.414042787915147
8964	9008	0.0313992353891062
8964	9032	0.170096360354132
8964	9033	0.0607309458603694
8964	9233	6.32047415502553e-06
8964	9237	5.28239865758809e-06
8964	9239	1.04776616254142e-05
8964	9268	0.000348973700072967
8964	9289	0.000462116106671801
8964	9296	7.30105953410762e-05
8964	9325	3.89867124110759e-05
8964	9336	9.4056460218795e-05
8964	9337	0.000392555799274302
8964	9339	0.0007351013041537
8964	9351	0.000418710577517858
8970	8982	6.79787494671469e-05
8970	8983	0.00228749106237377
8970	8984	0.00687775743386765
8970	8991	0.00512079459350979
8970	9008	5.76181654862114e-05
8970	9032	0.00130145922371063
8970	9033	0.00123281137015379
8970	9233	0.000219849948443543
8970	9237	3.8382407423119e-05
8970	9239	0.000288157675725634
8970	9268	0.000227338166597191
8970	9289	0.00049468481775193
8970	9296	9.24048414451693e-06
8970	9325	0.000518596006396575
8970	9336	0.000669189749637632
8970	9337	0.000122129983901291
8970	9339	0.00449638152166346
8970	9351	3.77722570643986e-05
8970	9366	0.000527867686183895
8982	8983	0.00364403379738362
8982	8984	0.000120282321224288
8982	8991	0.0575475007127708
8982	9008	0.00862403928261042
8982	9032	0.0275394611225598
8982	9033	0.198989922772978
8982	9233	3.17195797755651e-06
8982	9237	2.84895713173057e-05
8982	9239	8.35345258162906e-05
8982	9268	0.000288381753453753
8982	9289	0.000665825393515373
8982	9296	5.59753001257617e-05
8982	9325	0.000525801988370875
8982	9336	8.54833724745715e-05
8982	9337	0.00112603983832601
8982	9339	0.00168885438834783
8982	9351	1.28732633698913e-05
8982	9366	0.000277040434438963
8983	8984	0.00790626696870939
8983	8991	0.0462715116577289
8983	9008	0.0335193880338352
8983	9032	0.0241850523103256
8983	9033	0.0174886207768328
8983	9233	6.02258271566444e-06
8983	9237	4.2608554750247e-06
8983	9239	7.61045021649744e-06
8983	9268	0.000594353640416047
8983	9289	0.000935687106231676
8983	9296	6.96777725161515e-05
8983	9325	3.92609749114358e-05
8983	9336	8.67425169255784e-05
8983	9337	0.000426503867635538
8983	9339	5.23785356558086e-06
8983	9351	3.60522072012481e-05
8983	9366	0.000489510228143895
8984	8991	0.0467530749531111
8984	9008	0.0102283459666224
8984	9032	0.0337594207745405
8984	9033	0.00105454153636698
8984	9233	0.0283546241658355
8984	9237	5.48423861375664e-05
8984	9239	0.00014479568985069
8984	9268	0.000102066269983001
8984	9289	8.4368408718069e-05
8984	9296	0.00012251275048386
8984	9325	7.90615174211355e-05
8984	9336	1.14056887845389e-05
8984	9337	6.16675447688242e-05
8984	9339	0.000452699324965946
8984	9351	0.000668593439885766
8984	9366	2.98518640714133e-05
8991	9008	0.150429535207924
8991	9032	0.546667640813121
8991	9033	0.0651664877119168
8991	9233	0.220892848377456
8991	9237	6.14804359222402e-06
8991	9239	1.54429036650306e-05
8991	9268	0.000593040507901456
8991	9289	0.000870991402143352
8991	9296	0.000130873980081487
8991	9325	6.79573105460038e-05
8991	9336	4.85413547227682e-06
8991	9337	0.000168206607904703
8991	9339	1.85172793523555e-05
8991	9351	0.000771553716889091
8991	9366	0.000101718131802664
8991	9389	1.12507857429211e-08
9008	9032	0.06217280887268
9008	9033	0.0802137324650299
9008	9233	1.98301286115525e-05
9008	9237	0.0030405430767673
9008	9239	4.436060828873e-06
9008	9268	0.00022175702526256
9008	9289	0.000736491635013973
9008	9296	0.000117003941083258
9008	9325	1.9942804038019e-05
9008	9336	0.000730503342268389
9008	9337	0.000133119330307674
9008	9339	0.00145666191398353
9008	9351	0.00266972900824939
9008	9366	0.000521168369244818
9008	9389	1.33287788777282e-05
9008	9403	3.55152006851726e-08
9032	9033	0.0356210442987155
9032	9233	0.163214457416153
9032	9237	0.00231202519626703
9032	9239	1.58724388524718e-05
9032	9268	0.000954984322511504
9032	9289	2.69549363774949e-05
9032	9296	5.7626106288762e-06
9032	9325	5.16189909692131e-05
9032	9336	1.19599013841878e-05
9032	9337	4.09485713122228e-05
9032	9339	0.000535994041253744
9032	9351	6.760673681248e-05
9032	9366	7.21489335472332e-05
9032	9389	1.99771070636641e-06
9032	9403	5.7088719764405e-06
9032	9412	8.85912657743288e-05
9033	9233	0.00340067490461126
9033	9237	0.000116997955087228
9033	9239	4.15108209197271e-05
9033	9268	0.00359874418822598
9033	9289	0.00105607272894165
9033	9296	1.36290389288668e-05
9033	9325	0.000162690618323201
9033	9336	1.73214140248592e-05
9033	9337	4.12850298459542e-05
9033	9339	2.42881245676973e-05
9033	9351	2.25451487735983e-05
9033	9366	0.000107426395029783
9033	9389	0.000414358144059124
9033	9403	0.000132694906703554
9033	9412	2.65666706846521e-05
9233	9237	NA
9233	9239	2.83740978107422e-06
9233	9268	0.000999000999000999
9233	9289	0.00554176185032621
9233	9296	0.00172287037212426
9233	9325	0.013082176568151
9233	9336	0.00186231834186841
9233	9337	0.00158648075092058
9233	9339	3.69446659871517e-05
9233	9351	0.00294969713446809
9233	9366	0.000152887667839907
9233	9389	6.06250905618661e-05
9233	9403	0.000260192289474047
9233	9412	7.07123632219119e-05
9233	9439	0.000111733971571322
9233	9491	3.97146974905234e-05
9233	9515	7.92373588201238e-05
9233	9528	2.40592675998041e-05
9233	9559	0.000182065857406625
9237	9239	1.15153935477857e-07
9237	9268	0.0002002002002002
9237	9289	NA
9237	9296	0.013532909435948
9237	9325	7.63731899553981e-06
9237	9336	4.21643425524888e-06
9237	9337	0.00266175950136413
9237	9339	2.93307009029273e-05
9237	9351	2.96099919904972e-06
9237	9366	2.80628397138292e-05
9237	9389	2.53807106598985e-05
9237	9403	2.72244144273007e-05
9237	9412	4.46150799656675e-06
9237	9439	5.27711447380572e-06
9237	9491	1.86901564552997e-06
9237	9515	4.82215878404444e-06
9237	9528	NA
9237	9559	NA
9239	9268	0.0495272104302939
9239	9289	0.000131204078572502
9239	9296	4.21819094846557e-06
9239	9325	3.30948383508076e-05
9239	9336	5.73518484925596e-06
9239	9337	9.55646550968843e-05
9239	9339	0.000124236312081615
9239	9351	4.61990810801887e-06
9239	9366	4.76193480744522e-05
9239	9389	4.24231618166945e-05
9239	9403	0.000927462550269519
9239	9412	1.12424751086778e-05
9239	9439	2.63624291694904e-05
9239	9491	7.46681002942008e-06
9239	9515	1.45102411754823e-05
9239	9528	3.74311033749366e-06
9239	9559	0.000777806585429273
9268	9289	0.343777901785714
9268	9296	0.0601732644865175
9268	9325	0.000102877130413909
9268	9336	0.00018748535270682
9268	9337	0.00132308467741935
9268	9339	0.000168662506324844
9268	9351	0.0441176470588235
9268	9366	0.00190985485103132
9268	9389	0.000660628037053893
9268	9403	0.0159581198373398
9268	9412	0.0225317318340574
9268	9439	0.00046494007439041
9268	9491	0.000114916111238796
9268	9515	0.000236686390532544
9268	9528	NA
9268	9559	0.010989010989011
9289	9296	0.00924648246420797
9289	9325	8.8585728839084e-05
9289	9336	0.292532873959856
9289	9337	0.019636970840162
9289	9339	0.498861047835991
9289	9351	0.000726413817057915
9289	9366	0.0216470307221062
9289	9389	0.0270321713711827
9289	9403	0.473786524483512
9289	9412	0.00320566487360757
9289	9439	0.666837201854021
9289	9491	0.000432652541833683
9289	9515	0.00224014336917563
9289	9528	NA
9289	9559	0.00219076118389619
9296	9325	0.317291882969404
9296	9336	0.00620816165414908
9296	9337	0.00208560700588608
9296	9339	0.00238338440585632
9296	9351	0.112011513268225
9296	9366	0.0222242260795714
9296	9389	0.0107070633994972
9296	9403	0.00077320838526725
9296	9412	5.51667568466676e-05
9296	9439	0.00325539629350255
9296	9491	2.95891254046313e-05
9296	9515	5.93744135860387e-05
9296	9528	8.82503485888685e-06
9296	9559	0.000186852322518868
9325	9336	0.248275867211946
9325	9337	0.000135150222410257
9325	9339	NA
9325	9351	0.732094836179848
9325	9366	0.119901455803754
9325	9389	0.0172599950460116
9325	9403	3.53694337353659e-05
9325	9412	0.634267610007619
9325	9439	NA
9325	9491	9.83562216457455e-05
9325	9515	0.555584519025379
9325	9528	5.55524693072576e-05
9325	9559	5.29316576682841e-05
9336	9337	0.000227160584240526
9336	9339	0.0153003891164508
9336	9351	0.0512829640268618
9336	9366	0.0686373426216919
9336	9389	0.0259815552708349
9336	9403	0.0100939921743555
9336	9412	2.89968538413585e-05
9336	9439	0.253481667846004
9336	9491	4.08270887734012e-05
9336	9515	0.000128929634234686
9336	9528	4.49404538985852e-05
9336	9559	0.00313691978899827
9337	9339	0.0137901832807293
9337	9351	0.00419756969013986
9337	9366	0.00010014466720511
9337	9389	1.69749359657602e-05
9337	9403	0.000732755061738168
9337	9412	5.56858235780951e-07
9337	9439	0.000503994126284858
9337	9491	0.000754238073473029
9337	9515	3.39153934806779e-06
9337	9528	0.00028954826228617
9337	9559	0.00108381661927162
9339	9351	0.0733079497055088
9339	9366	0.000146758685935084
9339	9389	0.00488039589783344
9339	9403	0.0617629478226495
9339	9412	0.00016907148609387
9339	9439	7.83791198024873e-05
9339	9491	0.000151723963535674
9339	9515	0.000386847195357834
9339	9528	6.93507172464567e-05
9339	9559	0.00358789050343962
9351	9366	0.0700049217994793
9351	9389	0.00379205264936542
9351	9403	8.46514018417743e-05
9351	9412	0.411291036647589
9351	9439	0.000162907721826014
9351	9491	2.64345461754876e-05
9351	9515	0.266472619515405
9351	9528	2.03242118270663e-05
9351	9559	9.35184380102208e-06
9366	9389	0.012822721165939
9366	9403	0.00918843396838098
9366	9412	0.0692209632490341
9366	9439	0.0274226105822209
9366	9491	0.00952419168149977
9366	9515	0.0977197589429076
9366	9528	0.00762521738092897
9366	9559	0.000103258285325342
9389	9403	0.00453871902819791
9389	9412	0.00414057246001802
9389	9439	0.0942790946355363
9389	9491	0.0239913924842842
9389	9515	0.00550372452605907
9389	9528	3.19251775997677e-05
9389	9559	0.000298231321566256
9403	9412	9.80475926625093e-06
9403	9439	0.0762244263638815
9403	9491	2.52693835323141e-05
9403	9515	0.000380676153358108
9403	9528	0.000544203765248887
9403	9559	0.00151578867734458
9412	9439	0.0899795501022546
9412	9491	4.02414486921532e-05
9412	9515	0.320129094038124
9412	9528	3.53861595079425e-05
9412	9559	0.00120139769601563
9439	9491	0.0110621684957423
9439	9515	0.0126138536991801
9439	9528	NA
9439	9559	0.00408648215846333
9491	9515	0.0977851205686257
9491	9528	NA
9491	9559	NA
9515	9528	NA
9515	9559	0.00178606164565244
9528	9559	NA
