"Var1"	"Var2"	"passage"	"total_unique"	"shared"	"pct_shared"	"expected_pct_shared"	"p.val"	"CI_lower"	"CI_upper"
"1"	"MT-2_1"	"MT-2_1"	10	0	0	NA	NA	NA	NA	NA
"2"	"MT-2_1"	"MT-2_2"	10	0	0	NA	NA	NA	NA	NA
"3"	"MT-2_1"	"MT-4_1"	10	0	0	NA	NA	NA	NA	NA
"4"	"MT-2_1"	"MT-4_2"	10	0	0	NA	NA	NA	NA	NA
"5"	"MT-2_2"	"MT-2_1"	10	0	0	NA	NA	NA	NA	NA
"6"	"MT-2_2"	"MT-2_2"	10	0	0	NA	NA	NA	NA	NA
"7"	"MT-2_2"	"MT-4_1"	10	0	0	NA	NA	NA	NA	NA
"8"	"MT-2_2"	"MT-4_2"	10	0	0	NA	NA	NA	NA	NA
"9"	"MT-4_1"	"MT-2_1"	10	0	0	NA	NA	NA	NA	NA
"10"	"MT-4_1"	"MT-2_2"	10	0	0	NA	NA	NA	NA	NA
"11"	"MT-4_1"	"MT-4_1"	10	0	0	NA	NA	NA	NA	NA
"12"	"MT-4_1"	"MT-4_2"	10	0	0	NA	NA	NA	NA	NA
"13"	"MT-4_2"	"MT-2_1"	10	0	0	NA	NA	NA	NA	NA
"14"	"MT-4_2"	"MT-2_2"	10	0	0	NA	NA	NA	NA	NA
"15"	"MT-4_2"	"MT-4_1"	10	0	0	NA	NA	NA	NA	NA
"16"	"MT-4_2"	"MT-4_2"	10	0	0	NA	NA	NA	NA	NA
"17"	"MT-2_1"	"MT-2_1"	20	1	1	1	0.504495504495505	0.321903459595357	0.4734694534324	0.535521555558609
"18"	"MT-2_1"	"MT-2_2"	20	2	0	0	0	NA	NA	NA
"19"	"MT-2_1"	"MT-4_1"	20	1	0	0	0	NA	NA	NA
"20"	"MT-2_1"	"MT-4_2"	20	1	0	0	0	NA	NA	NA
"21"	"MT-2_2"	"MT-2_1"	20	2	0	0	0	NA	NA	NA
"22"	"MT-2_2"	"MT-2_2"	20	1	1	1	0.170829170829171	0.0276629312562604	0.147474321114614	0.194184020543728
"23"	"MT-2_2"	"MT-4_1"	20	1	0	0	0	NA	NA	NA
"24"	"MT-2_2"	"MT-4_2"	20	1	0	0	0	NA	NA	NA
"25"	"MT-4_1"	"MT-2_1"	20	1	0	0	0	NA	NA	NA
"26"	"MT-4_1"	"MT-2_2"	20	1	0	0	0	NA	NA	NA
"27"	"MT-4_1"	"MT-4_1"	20	0	0	NA	NA	NA	NA	NA
"28"	"MT-4_1"	"MT-4_2"	20	0	0	NA	NA	NA	NA	NA
"29"	"MT-4_2"	"MT-2_1"	20	1	0	0	0	NA	NA	NA
"30"	"MT-4_2"	"MT-2_2"	20	1	0	0	0	NA	NA	NA
"31"	"MT-4_2"	"MT-4_1"	20	0	0	NA	NA	NA	NA	NA
"32"	"MT-4_2"	"MT-4_2"	20	0	0	NA	NA	NA	NA	NA
"33"	"MT-2_1"	"MT-2_1"	30	1	1	1	0.180819180819181	0.0333862744886406	0.156936328715521	0.204702032922841
"34"	"MT-2_1"	"MT-2_2"	30	2	0	0	0	NA	NA	NA
"35"	"MT-2_1"	"MT-4_1"	30	1	0	0	0	NA	NA	NA
"36"	"MT-2_1"	"MT-4_2"	30	1	0	0	0	NA	NA	NA
"37"	"MT-2_2"	"MT-2_1"	30	2	0	0	0	NA	NA	NA
"38"	"MT-2_2"	"MT-2_2"	30	1	1	1	0.0869130869130869	0.00119681698588225	0.0694318282154035	0.10439434561077
"39"	"MT-2_2"	"MT-4_1"	30	1	0	0	0	NA	NA	NA
"40"	"MT-2_2"	"MT-4_2"	30	1	0	0	0	NA	NA	NA
"41"	"MT-4_1"	"MT-2_1"	30	1	0	0	0	NA	NA	NA
"42"	"MT-4_1"	"MT-2_2"	30	1	0	0	0	NA	NA	NA
"43"	"MT-4_1"	"MT-4_1"	30	0	0	NA	NA	NA	NA	NA
"44"	"MT-4_1"	"MT-4_2"	30	0	0	NA	NA	NA	NA	NA
"45"	"MT-4_2"	"MT-2_1"	30	1	0	0	0	NA	NA	NA
"46"	"MT-4_2"	"MT-2_2"	30	1	0	0	0	NA	NA	NA
"47"	"MT-4_2"	"MT-4_1"	30	0	0	NA	NA	NA	NA	NA
"48"	"MT-4_2"	"MT-4_2"	30	0	0	NA	NA	NA	NA	NA
"49"	"MT-2_1"	"MT-2_1"	40	2	2	1	0.107892107892108	2.52477160596065e-05	0.0947572048506721	0.121027010933544
"50"	"MT-2_1"	"MT-2_2"	40	3	0	0	0	NA	NA	NA
"51"	"MT-2_1"	"MT-4_1"	40	2	0	0	0	NA	NA	NA
"52"	"MT-2_1"	"MT-4_2"	40	3	0	0	0	NA	NA	NA
"53"	"MT-2_2"	"MT-2_1"	40	3	0	0	0	NA	NA	NA
"54"	"MT-2_2"	"MT-2_2"	40	1	1	1	0.0899100899100899	0.00147298219206649	0.0721591882168145	0.107660991603365
"55"	"MT-2_2"	"MT-4_1"	40	1	0	0	0	NA	NA	NA
"56"	"MT-2_2"	"MT-4_2"	40	1	1	1	0.048951048951049	1.05499707125922e-05	0.0355617915772782	0.0623403063248197
"57"	"MT-4_1"	"MT-2_1"	40	2	0	0	0	NA	NA	NA
"58"	"MT-4_1"	"MT-2_2"	40	1	0	0	0	NA	NA	NA
"59"	"MT-4_1"	"MT-4_1"	40	0	0	NA	NA	NA	NA	NA
"60"	"MT-4_1"	"MT-4_2"	40	1	0	0	0	NA	NA	NA
"61"	"MT-4_2"	"MT-2_1"	40	3	0	0	0	NA	NA	NA
"62"	"MT-4_2"	"MT-2_2"	40	1	1	1	0.045954045954046	5.26020132607385e-06	0.0329607127047689	0.058947379203323
"63"	"MT-4_2"	"MT-4_1"	40	1	0	0	0	NA	NA	NA
"64"	"MT-4_2"	"MT-4_2"	40	1	1	1	0.514485514485514	0.331572492719866	0.483471232960936	0.545499796010093
"65"	"MT-2_1"	"MT-2_1"	50	4	4	1	0.0699300699300699	1.38489220091742e-12	0.0617886842099869	0.078071455650153
"66"	"MT-2_1"	"MT-2_2"	50	6	1	0.166666666666667	0.00283050283050283	2.8643754035329e-14	0.00149418200947905	0.00416682365152661
"67"	"MT-2_1"	"MT-4_1"	50	5	0	0	0	NA	NA	NA
"68"	"MT-2_1"	"MT-4_2"	50	5	0	0	0	NA	NA	NA
"69"	"MT-2_2"	"MT-2_1"	50	6	1	0.166666666666667	0.00316350316350316	6.69242439244044e-13	0.00175219689794983	0.0045748094290565
"70"	"MT-2_2"	"MT-2_2"	50	3	3	1	0.0699300699300699	4.37650582441051e-10	0.0606854298292756	0.0791747100308642
"71"	"MT-2_2"	"MT-4_1"	50	3	1	0.333333333333333	0.0126540126540127	4.86456265269553e-07	0.00870104133989349	0.0166069839681318
"72"	"MT-2_2"	"MT-4_2"	50	3	1	0.333333333333333	0.00732600732600733	2.60198529389299e-11	0.00429336349749763	0.010358651154517
"73"	"MT-4_1"	"MT-2_1"	50	5	0	0	0	NA	NA	NA
"74"	"MT-4_1"	"MT-2_2"	50	3	1	0.333333333333333	0.014985014985015	4.08781772121003e-06	0.0106989976431871	0.0192710323268428
"75"	"MT-4_1"	"MT-4_1"	50	1	1	1	0.251748251748252	0.0848610332335171	0.224815473529099	0.278681029967405
"76"	"MT-4_1"	"MT-4_2"	50	1	1	1	0.0809190809190809	0.000755830461269813	0.0639961181599796	0.0978420436781822
"77"	"MT-4_2"	"MT-2_1"	50	5	0	0	0	NA	NA	NA
"78"	"MT-4_2"	"MT-2_2"	50	3	1	0.333333333333333	0.00899100899100899	1.93503213452573e-09	0.00563996536788506	0.0123420526141329
"79"	"MT-4_2"	"MT-4_1"	50	1	1	1	0.0809190809190809	0.000755830461269813	0.0639961181599796	0.0978420436781822
"80"	"MT-4_2"	"MT-4_2"	50	1	1	1	0.32967032967033	0.154088549666695	0.300498866982952	0.358841792357707
"81"	"MT-2_1"	"MT-2_1"	60	5	5	1	0.0999000999000999	4.33231228669229e-12	0.0918394193392242	0.107960780460976
"82"	"MT-2_1"	"MT-2_2"	60	7	2	0.285714285714286	0.00513771942343371	0	0.00348706240557012	0.0067883764412973
"83"	"MT-2_1"	"MT-4_1"	60	7	0	0	0	NA	NA	NA
"84"	"MT-2_1"	"MT-4_2"	60	6	0	0	0	NA	NA	NA
"85"	"MT-2_2"	"MT-2_1"	60	7	2	0.285714285714286	0.00528043385186242	0	0.00360787536015454	0.0069529923435703
"86"	"MT-2_2"	"MT-2_2"	60	4	4	1	0.104395604395604	3.39390737735812e-10	0.095549755274374	0.113241453516835
"87"	"MT-2_2"	"MT-4_1"	60	5	1	0.2	0.00639360639360639	3.79595681554434e-08	0.00421033940118185	0.00857687338603094
"88"	"MT-2_2"	"MT-4_2"	60	4	1	0.25	0.003996003996004	4.44089209850063e-15	0.00205038368723192	0.00594162430477607
"89"	"MT-4_1"	"MT-2_1"	60	7	0	0	0.000428143285286142	0.956298025635885	-5.643933460006e-05	0.000912725905172345
"90"	"MT-4_1"	"MT-2_2"	60	5	1	0.2	0.00619380619380619	2.25790874885945e-08	0.00404381497895738	0.008343797408655
"91"	"MT-4_1"	"MT-4_1"	60	2	2	1	0.14035964035964	0.000202781283617171	0.126009587916926	0.154709692802355
"92"	"MT-4_1"	"MT-4_2"	60	2	1	0.5	0.0314685314685315	0.000114935381983594	0.0239335589296557	0.0390035040074072
"93"	"MT-4_2"	"MT-2_1"	60	6	0	0	0	NA	NA	NA
"94"	"MT-4_2"	"MT-2_2"	60	4	1	0.25	0.00749250749250749	1.29799571091382e-08	0.0048473579690663	0.0101376570159487
"95"	"MT-4_2"	"MT-4_1"	60	2	1	0.5	0.031968031968032	0.000131093468089372	0.0243775428428905	0.0395585210931735
"96"	"MT-4_2"	"MT-4_2"	60	1	1	1	0.273726273726274	0.103508604066771	0.246057974587104	0.301394572865444
"97"	"MT-2_1"	"MT-2_1"	70	6	6	1	0.116550116550117	3.06643599401468e-13	0.109035203675609	0.124065029424624
"98"	"MT-2_1"	"MT-2_2"	70	10	2	0.2	0.00519480519480519	0	0.00379001910051049	0.0065995912890999
"99"	"MT-2_1"	"MT-4_1"	70	9	0	0	0.000555000555000555	0.943543301911741	6.89156466832965e-05	0.00104108546331781
"100"	"MT-2_1"	"MT-4_2"	70	7	0	0	0	NA	NA	NA
"101"	"MT-2_2"	"MT-2_1"	70	10	2	0.2	0.00559440559440559	0	0.00414158111958873	0.00704723006922246
"102"	"MT-2_2"	"MT-2_2"	70	6	6	1	0.0735930735930736	0	0.066951178625275	0.0802349685608722
"103"	"MT-2_2"	"MT-4_1"	70	7	2	0.285714285714286	0.003996003996004	0	0.00253423962764881	0.00545776836435918
"104"	"MT-2_2"	"MT-4_2"	70	6	1	0.166666666666667	0.0024975024975025	4.44089209850063e-16	0.00124097264135069	0.0037540323536543
"105"	"MT-4_1"	"MT-2_1"	70	9	0	0	0.000777000777000777	0.933154855991309	0.000202435100617966	0.00135156645338359
"106"	"MT-4_1"	"MT-2_2"	70	7	2	0.285714285714286	0.004995004995005	0	0.0033665921442628	0.00662341784574719
"107"	"MT-4_1"	"MT-4_1"	70	3	3	1	0.103563103563104	1.21832275379319e-07	0.0930541002439739	0.114072106882233
"108"	"MT-4_1"	"MT-4_2"	70	3	1	0.333333333333333	0.010989010989011	6.18669144802908e-08	0.0072957213345906	0.0146823006434314
"109"	"MT-4_2"	"MT-2_1"	70	7	0	0	0	NA	NA	NA
"110"	"MT-4_2"	"MT-2_2"	70	6	1	0.166666666666667	0.001998001998002	0	0.000872419078721308	0.00312358491728269
"111"	"MT-4_2"	"MT-4_1"	70	3	1	0.333333333333333	0.010989010989011	6.18669144802908e-08	0.0072957213345906	0.0146823006434314
"112"	"MT-4_2"	"MT-4_2"	70	1	1	1	0.161838161838162	0.022929495986733	0.138983307206395	0.184693016469929
"113"	"MT-2_1"	"MT-2_1"	80	6	6	1	0.108558108558109	4.72955008490317e-14	0.101224323943974	0.115891893172244
"114"	"MT-2_1"	"MT-2_2"	80	10	1	0.1	0.0030969030969031	2.25790874885945e-08	0.00202190748947869	0.0041718987043275
"115"	"MT-2_1"	"MT-4_1"	80	9	0	0	0.00144300144300144	0.908722106002926	0.000662367170036274	0.00222363571596661
"116"	"MT-2_1"	"MT-4_2"	80	7	0	0	0	NA	NA	NA
"117"	"MT-2_2"	"MT-2_1"	80	10	1	0.1	0.0028971028971029	7.1861607775503e-09	0.00185629133742425	0.00393791445678154
"118"	"MT-2_2"	"MT-2_2"	80	5	5	1	0.0453546453546454	0	0.0397860103007206	0.0509232804085702
"119"	"MT-2_2"	"MT-4_1"	80	6	2	0.333333333333333	0.003996003996004	0	0.00241387595469162	0.00557813203731637
"120"	"MT-2_2"	"MT-4_2"	80	5	1	0.2	0.001998001998002	0	0.000763741588875819	0.00323226240712818
"121"	"MT-4_1"	"MT-2_1"	80	9	0	0	0.00111000111000111	0.920024490104897	0.000424300882708788	0.00179570133729343
"122"	"MT-4_1"	"MT-2_2"	80	6	2	0.333333333333333	0.00516150516150516	0	0.00336984581579782	0.0069531645072125
"123"	"MT-4_1"	"MT-4_1"	80	3	3	1	0.0709290709290709	3.63558516625062e-10	0.0617370059140074	0.0801211359441344
"124"	"MT-4_1"	"MT-4_2"	80	3	1	0.333333333333333	0.0176490176490176	2.36654182956819e-05	0.0130171000542421	0.0222809352437932
"125"	"MT-4_2"	"MT-2_1"	80	7	0	0	0	NA	NA	NA
"126"	"MT-4_2"	"MT-2_2"	80	5	1	0.2	0.001998001998002	0	0.000763741588875819	0.00323226240712818
"127"	"MT-4_2"	"MT-4_1"	80	3	1	0.333333333333333	0.0156510156510157	6.69803743891251e-06	0.0112753730976403	0.020026658204391
"128"	"MT-4_2"	"MT-4_2"	80	1	1	1	0.138861138861139	0.0128094091625086	0.117402557424293	0.160319720297985
"129"	"MT-2_1"	"MT-2_1"	90	6	6	1	0.0762570762570763	0	0.069814332752794	0.0826998197613585
"130"	"MT-2_1"	"MT-2_2"	90	10	2	0.2	0.0041958041958042	0	0.00295165081392559	0.0054399575776828
"131"	"MT-2_1"	"MT-4_1"	90	10	0	0	0.0011988011988012	0.912332456734969	0.000523451447232785	0.00187415095036961
"132"	"MT-2_1"	"MT-4_2"	90	7	0	0	0	NA	NA	NA
"133"	"MT-2_2"	"MT-2_1"	90	10	2	0.2	0.0024975024975025	0	0.00152914685209056	0.00346585814291443
"134"	"MT-2_2"	"MT-2_2"	90	6	6	1	0.0561105561105561	0	0.0505866965320476	0.0616344156890646
"135"	"MT-2_2"	"MT-4_1"	90	8	2	0.25	0.00362137862137862	0	0.00232036417178032	0.00492239307097693
"136"	"MT-2_2"	"MT-4_2"	90	6	1	0.166666666666667	0.00133200133200133	0	0.000411110089399629	0.00225289257460304
"137"	"MT-4_1"	"MT-2_1"	90	10	0	0	0.000699300699300699	0.933154855991309	0.000182191590556169	0.00121640980804523
"138"	"MT-4_1"	"MT-2_2"	90	8	2	0.25	0.00536963036963037	0	0.00379685401618791	0.00694240672307283
"139"	"MT-4_1"	"MT-4_1"	90	4	4	1	0.0601898101898102	3.10862446895044e-15	0.0528024721792202	0.0675771482004001
"140"	"MT-4_1"	"MT-4_2"	90	4	1	0.25	0.00749250749250749	1.29799571091382e-08	0.0048473579690663	0.0101376570159487
"141"	"MT-4_2"	"MT-2_1"	90	7	0	0	0	NA	NA	NA
"142"	"MT-4_2"	"MT-2_2"	90	6	1	0.166666666666667	0.000666000666000666	0	1.35220242237653e-05	0.00131847930777757
"143"	"MT-4_2"	"MT-4_1"	90	4	1	0.25	0.0044955044955045	1.50990331349021e-13	0.00243395865714212	0.00655705033386687
"144"	"MT-4_2"	"MT-4_2"	90	1	1	1	0.0829170829170829	0.000887258691528947	0.0658050990385362	0.10002906679563
"145"	"MT-2_1"	"MT-2_1"	100	7	7	1	0.0736406450692165	0	0.0678438769623807	0.0794374131760523
"146"	"MT-2_1"	"MT-2_2"	100	12	1	0.0833333333333333	0.00274725274725275	6.18669144802908e-08	0.00182393033364765	0.00367057516085784
"147"	"MT-2_1"	"MT-4_1"	100	12	0	0	0.001998001998002	0.875517595592831	0.00120693797734581	0.00278906601865819
"148"	"MT-2_1"	"MT-4_2"	100	8	0	0	0	NA	NA	NA
"149"	"MT-2_2"	"MT-2_1"	100	12	1	0.0833333333333333	0.00274725274725275	6.18669144802908e-08	0.00182393033364765	0.00367057516085784
"150"	"MT-2_2"	"MT-2_2"	100	6	6	1	0.0646020646020646	0	0.0583858812726194	0.0708182479315098
"151"	"MT-2_2"	"MT-4_1"	100	9	2	0.222222222222222	0.002997002997003	0	0.00187998845596169	0.00411401753804431
"152"	"MT-2_2"	"MT-4_2"	100	6	1	0.166666666666667	0.0004995004995005	0	-6.58458903667366e-05	0.00106484688936774
"153"	"MT-4_1"	"MT-2_1"	100	12	0	0	0.00191475191475191	0.878179709585315	0.0011399475207708	0.00268955630873303
"154"	"MT-4_1"	"MT-2_2"	100	9	2	0.222222222222222	0.001998001998002	0	0.00108175940317428	0.00291424459282972
"155"	"MT-4_1"	"MT-4_1"	100	5	5	1	0.0669330669330669	2.22044604925031e-16	0.0599501110399221	0.0739160228262117
"156"	"MT-4_1"	"MT-4_2"	100	5	1	0.2	0.0021978021978022	0	0.000903952254400171	0.00349165214120422
"157"	"MT-4_2"	"MT-2_1"	100	8	0	0	0	NA	NA	NA
"158"	"MT-4_2"	"MT-2_2"	100	6	1	0.166666666666667	0.0014985014985015	0	0.000522240777882187	0.00247476221912081
"159"	"MT-4_2"	"MT-4_1"	100	5	1	0.2	0.0037962037962038	6.69242439244044e-13	0.0021026362775398	0.0054897713148678
"160"	"MT-4_2"	"MT-4_2"	100	1	1	1	0.0539460539460539	2.84373409848993e-05	0.0399272215008979	0.06796488639121
"161"	"MT-2_1"	"MT-2_1"	110	6	6	1	0.0702630702630703	0	0.0640599007405578	0.0764662397855827
"162"	"MT-2_1"	"MT-2_2"	110	12	1	0.0833333333333333	0.00241425241425241	7.1861607775503e-09	0.00154690944785354	0.00328159538065129
"163"	"MT-2_1"	"MT-4_1"	110	11	0	0	0.00172554718009263	0.889427582284365	0.000955743762518089	0.00249535059766718
"164"	"MT-2_1"	"MT-4_2"	110	9	0	0	0.000555000555000555	0.943543301911741	6.89156466832965e-05	0.00104108546331781
"165"	"MT-2_2"	"MT-2_1"	110	12	1	0.0833333333333333	0.00266400266400266	9.78366800907793e-08	0.00172540062844489	0.00360260469956044
"166"	"MT-2_2"	"MT-2_2"	110	7	7	1	0.0576566290852005	0	0.0522600948455222	0.0630531633248788
"167"	"MT-2_2"	"MT-4_1"	110	10	2	0.2	0.002997002997003	0	0.00193894318762652	0.00405506280637947
"168"	"MT-2_2"	"MT-4_2"	110	8	2	0.25	0.00112387612387612	0	0.00039168058341164	0.00185607166434061
"169"	"MT-4_1"	"MT-2_1"	110	11	0	0	0.00127145581691036	0.905244646202314	0.000608980220771343	0.00193393141304938
"170"	"MT-4_1"	"MT-2_2"	110	10	2	0.2	0.0030969030969031	0	0.00202190748947869	0.0041718987043275
"171"	"MT-4_1"	"MT-4_1"	110	5	5	1	0.0551448551448551	0	0.0486527864686825	0.0616369238210277
"172"	"MT-4_1"	"MT-4_2"	110	5	3	0.6	0.00639360639360639	0	0.00421033940118185	0.00857687338603094
"173"	"MT-4_2"	"MT-2_1"	110	9	0	0	0.000888000888000888	0.928515621488917	0.000274073392933086	0.00150192838306869
"174"	"MT-4_2"	"MT-2_2"	110	8	2	0.25	0.00162337662337662	0	0.000745163066290808	0.00250159018046244
"175"	"MT-4_2"	"MT-4_1"	110	5	3	0.6	0.00919080919080919	0	0.00659214254095379	0.0117894758406646
"176"	"MT-4_2"	"MT-4_2"	110	3	3	1	0.0333000333000333	0	0.0267618445864795	0.0398382220135871
"177"	"MT-2_1"	"MT-2_1"	120	8	8	1	0.0589410589410589	0	0.0539559745151372	0.0639261433669807
"178"	"MT-2_1"	"MT-2_2"	120	15	1	0.0666666666666667	0.00293040293040293	8.41333327117333e-06	0.00204292881273189	0.00381787704807397
"179"	"MT-2_1"	"MT-4_1"	120	14	0	0	0.00214071642643071	0.860541645710805	0.00138495941973323	0.0028964734331282
"180"	"MT-2_1"	"MT-4_2"	120	11	0	0	0.00108981927163745	0.912332456734969	0.000475864952029804	0.0017037735912451
"181"	"MT-2_2"	"MT-2_1"	120	15	1	0.0666666666666667	0.00426240426240426	0.000168484075776965	0.00323358410510138	0.00529122441970714
"182"	"MT-2_2"	"MT-2_2"	120	8	8	1	0.0713036963036963	0	0.0657817406329375	0.0768256519744551
"183"	"MT-2_2"	"MT-4_1"	120	12	2	0.166666666666667	0.00457875457875458	6.66133814775094e-16	0.00333421857340328	0.00582329058410588
"184"	"MT-2_2"	"MT-4_2"	120	9	2	0.222222222222222	0.00222000222000222	0	0.00125518073107172	0.00318482370893272
"185"	"MT-4_1"	"MT-2_1"	120	14	0	0	0.00171257314114457	0.875517595592831	0.00103451826629641	0.00239062801599273
"186"	"MT-4_1"	"MT-2_2"	120	12	2	0.166666666666667	0.00382950382950383	0	0.00269845705559026	0.00496055060341739
"187"	"MT-4_1"	"MT-4_1"	120	6	6	1	0.0484515484515484	0	0.043076133490542	0.0538269634125549
"188"	"MT-4_1"	"MT-4_2"	120	6	3	0.5	0.00432900432900433	0	0.0026839596147938	0.00597404904321486
"189"	"MT-4_2"	"MT-2_1"	120	11	0	0	0.00163472890745618	0.89241294025777	0.000885075875324408	0.00238438193958795
"190"	"MT-4_2"	"MT-2_2"	120	9	2	0.222222222222222	0.001998001998002	0	0.00108175940317428	0.00291424459282972
"191"	"MT-4_2"	"MT-4_1"	120	6	3	0.5	0.00649350649350649	0	0.00443952184575645	0.00854749114125654
"192"	"MT-4_2"	"MT-4_2"	120	3	3	1	0.032967032967033	0	0.0267231592667187	0.0392109066673473
"193"	"MT-2_1"	"MT-2_1"	130	9	9	1	0.0495060495060495	0	0.0450864314924717	0.0539256675196273
"194"	"MT-2_1"	"MT-2_2"	130	16	1	0.0625	0.00337162837162837	7.50859907363566e-05	0.00244542723094725	0.0042978295123095
"195"	"MT-2_1"	"MT-4_1"	130	15	0	0	0.0027972027972028	0.834315942072611	0.00196776720928373	0.00362663838512186
"196"	"MT-2_1"	"MT-4_2"	130	12	0	0	0.00133200133200133	0.89863416820292	0.000683461229077306	0.00198054143492536
"197"	"MT-2_2"	"MT-2_1"	130	16	1	0.0625	0.00312187812187812	2.83515111048072e-05	0.0022421445277435	0.00400161171601274
"198"	"MT-2_2"	"MT-2_2"	130	8	8	1	0.0616883116883117	0	0.056532699723447	0.0668439236531764
"199"	"MT-2_2"	"MT-4_1"	130	12	2	0.166666666666667	0.00316350316350316	0	0.00214858767929251	0.00417841864771381
"200"	"MT-2_2"	"MT-4_2"	130	9	2	0.222222222222222	0.00133200133200133	0	0.000581612719147538	0.00208238994485513
"201"	"MT-4_1"	"MT-2_1"	130	15	0	0	0.0021978021978022	0.853585938603636	0.00145914426691812	0.00293646012868628
"202"	"MT-4_1"	"MT-2_2"	130	12	2	0.166666666666667	0.00366300366300366	0	0.00260291781518282	0.0047230895108245
"203"	"MT-4_1"	"MT-4_1"	130	6	6	1	0.0376290376290376	0	0.0329034811637839	0.0423545940942913
"204"	"MT-4_1"	"MT-4_2"	130	6	3	0.5	0.00599400599400599	0	0.0040135275415629	0.00797448444644909
"205"	"MT-4_2"	"MT-2_1"	130	12	0	0	0.00124875124875125	0.901885937928855	0.000620486320675347	0.00187701617682715
"206"	"MT-4_2"	"MT-2_2"	130	9	2	0.222222222222222	0.00144300144300144	0	0.000662367170036274	0.00222363571596661
"207"	"MT-4_2"	"MT-4_1"	130	6	3	0.5	0.00749250749250749	0	0.00530020177217281	0.00968481321284217
"208"	"MT-4_2"	"MT-4_2"	130	3	3	1	0.0276390276390276	0	0.0219350330128454	0.0333430222652099
"209"	"MT-2_1"	"MT-2_1"	140	10	10	1	0.0548451548451548	0	0.0504774416554273	0.0592128680348823
"210"	"MT-2_1"	"MT-2_2"	140	17	2	0.117647058823529	0.002997002997003	0	0.00216182246924109	0.0038321835247649
"211"	"MT-2_1"	"MT-4_1"	140	17	0	0	0.00176294293941353	0.860541645710805	0.00114055481625089	0.00238533106257616
"212"	"MT-2_1"	"MT-4_2"	140	13	0	0	0.00138323215246292	0.89241294025777	0.00074891035604373	0.00201755394888211
"213"	"MT-2_2"	"MT-2_1"	140	17	2	0.117647058823529	0.00264441440912029	0	0.00188805840762126	0.00340077041061932
"214"	"MT-2_2"	"MT-2_2"	140	9	9	1	0.0540570540570541	0	0.0495376306013522	0.058576477512756
"215"	"MT-2_2"	"MT-4_1"	140	14	2	0.142857142857143	0.00528043385186242	3.34532401780052e-12	0.00405484914522151	0.00650601855850333
"216"	"MT-2_2"	"MT-4_2"	140	10	2	0.2	0.000899100899100899	0	0.000313344466729312	0.00148485733147249
"217"	"MT-4_1"	"MT-2_1"	140	17	0	0	0.0023505905858847	0.838419156397211	0.00163562894158055	0.00306555223018885
"218"	"MT-4_1"	"MT-2_2"	140	14	2	0.142857142857143	0.00428143285286142	8.88178419700125e-16	0.00321077976411182	0.00535208594161103
"219"	"MT-4_1"	"MT-4_1"	140	7	7	1	0.0520907663764807	0	0.0471741137482777	0.0570074190046836
"220"	"MT-4_1"	"MT-4_2"	140	7	3	0.428571428571429	0.00656486370772085	0	0.00466684882418765	0.00846287859125405
"221"	"MT-4_2"	"MT-2_1"	140	13	0	0	0.00146007838315531	0.889427582284365	0.000808706260592229	0.00211145050571838
"222"	"MT-4_2"	"MT-2_2"	140	10	2	0.2	0.0018981018981019	0	0.0010513181387699	0.0027448856574339
"223"	"MT-4_2"	"MT-4_1"	140	7	3	0.428571428571429	0.00613672042243471	0	0.00433926173278619	0.00793417911208323
"224"	"MT-4_2"	"MT-4_2"	140	3	3	1	0.0256410256410256	0	0.0201291416408073	0.031152909641244
"225"	"MT-2_1"	"MT-2_1"	150	10	10	1	0.0528471528471528	0	0.0486522355755897	0.057042070118716
"226"	"MT-2_1"	"MT-2_2"	150	19	2	0.105263157894737	0.00336505599663494	7.105427357601e-15	0.00255282955665899	0.0041772824366109
"227"	"MT-2_1"	"MT-4_1"	150	19	0	0	0.00283926599716073	0.811358489940497	0.00210143271057357	0.00357709928374789
"228"	"MT-2_1"	"MT-4_2"	150	13	0	0	0.00084530853761623	0.916092860292629	0.000347673944000066	0.00134294313123239
"229"	"MT-2_2"	"MT-2_1"	150	19	2	0.105263157894737	0.00283926599716073	2.22044604925031e-16	0.0020730916064919	0.00360544038782957
"230"	"MT-2_2"	"MT-2_2"	150	11	11	1	0.0705657978385251	0	0.0660343365672412	0.075097259109809
"231"	"MT-2_2"	"MT-4_1"	150	18	2	0.111111111111111	0.00555000555000555	3.74975828165702e-10	0.00450479929272579	0.00659521180728532
"232"	"MT-2_2"	"MT-4_2"	150	12	2	0.166666666666667	0.00183150183150183	0	0.00107334087437441	0.00258966278862926
"233"	"MT-4_1"	"MT-2_1"	150	19	0	0	0.00257637099742363	0.824280197598078	0.00185671028076848	0.00329603171407878
"234"	"MT-4_1"	"MT-2_2"	150	18	2	0.111111111111111	0.00421800421800422	3.36526362332279e-11	0.00321796434277412	0.00521804409323431
"235"	"MT-4_1"	"MT-4_1"	150	9	9	1	0.0731490731490732	0	0.0680050645962006	0.0782930817019458
"236"	"MT-4_1"	"MT-4_2"	150	9	3	0.333333333333333	0.00510600510600511	0	0.00359794274078702	0.00661406747122319
"237"	"MT-4_2"	"MT-2_1"	150	13	0	0	0.00207484822869438	0.867832512455218	0.00130153046951194	0.00284816598787683
"238"	"MT-4_2"	"MT-2_2"	150	12	2	0.166666666666667	0.00166500166500167	0	0.000941385548303789	0.00238861778169954
"239"	"MT-4_2"	"MT-4_1"	150	9	3	0.333333333333333	0.00666000666000666	0	0.0049945462997295	0.00832546702028382
"240"	"MT-4_2"	"MT-4_2"	150	3	3	1	0.020979020979021	0	0.0158713241711824	0.0260867177868596
"241"	"MT-2_1"	"MT-2_1"	160	10	10	1	0.0509490509490509	0	0.04668716781244	0.0552109340856619
"242"	"MT-2_1"	"MT-2_2"	160	19	2	0.105263157894737	0.00273410799726589	0	0.00199474689500552	0.00347346909952626
"243"	"MT-2_1"	"MT-4_1"	160	18	0	0	0.00310800310800311	0.807764775767891	0.00231572548803356	0.00390028072797265
"244"	"MT-2_1"	"MT-4_2"	160	14	0	0	0.00185528756957328	0.870347008676015	0.0011502684063402	0.00256030673280637
"245"	"MT-2_2"	"MT-2_1"	160	19	2	0.105263157894737	0.00205058099794942	0	0.00141859680753269	0.00268256518836615
"246"	"MT-2_2"	"MT-2_2"	160	11	11	1	0.0800108981927164	0	0.075234396925598	0.0847873994598348
"247"	"MT-2_2"	"MT-4_1"	160	17	2	0.117647058823529	0.00428982781923958	6.11066752753686e-13	0.00331304962906358	0.00526660600941558
"248"	"MT-2_2"	"MT-4_2"	160	13	2	0.153846153846154	0.00253592561284869	0	0.00165732616346989	0.00341452506222749
"249"	"MT-4_1"	"MT-2_1"	160	18	0	0	0.00260850260850261	0.828164477242987	0.00186312573540588	0.00335387948159934
"250"	"MT-4_1"	"MT-2_2"	160	17	2	0.117647058823529	0.00452488687782805	1.44024792092523e-11	0.00348602760109525	0.00556374615456086
"251"	"MT-4_1"	"MT-4_1"	160	8	8	1	0.0457042957042957	0	0.0411691321248918	0.0502394592836996
"252"	"MT-4_1"	"MT-4_2"	160	9	3	0.333333333333333	0.0071040071040071	0	0.00536182948412325	0.00884618472389096
"253"	"MT-4_2"	"MT-2_1"	160	14	0	0	0.0014985014985015	0.88367519319859	0.000863266196544057	0.00213373680045894
"254"	"MT-4_2"	"MT-2_2"	160	13	2	0.153846153846154	0.00230538692077154	0	0.00146399151912691	0.00314678232241617
"255"	"MT-4_2"	"MT-4_1"	160	9	3	0.333333333333333	0.00688200688200688	0	0.00513640122132701	0.00862761254268675
"256"	"MT-4_2"	"MT-4_2"	160	4	4	1	0.0277222777222777	0	0.0228019614937361	0.0326425939508193
"257"	"MT-2_1"	"MT-2_1"	170	12	12	1	0.0588578088578089	0	0.0547434647864675	0.0629721529291502
"258"	"MT-2_1"	"MT-2_2"	170	24	2	0.0833333333333333	0.00366300366300366	1.96171967559167e-10	0.00288657345156301	0.00443943387444431
"259"	"MT-2_1"	"MT-4_1"	170	22	1	0.0454545454545455	0.00422304967759513	0.00254768298149166	0.00337558504961013	0.00507051430558014
"260"	"MT-2_1"	"MT-4_2"	170	18	0	0	0.00310800310800311	0.811233595188962	0.00230087839977152	0.0039151278162347
"261"	"MT-2_2"	"MT-2_1"	170	24	2	0.0833333333333333	0.00428737928737929	6.03090888340319e-09	0.00344439428385323	0.00513036429090535
"262"	"MT-2_2"	"MT-2_2"	170	14	14	1	0.0760667903525046	0	0.0718760869594805	0.0802574937455287
"263"	"MT-2_2"	"MT-4_1"	170	22	3	0.136363636363636	0.00590318772136954	2.22044604925031e-16	0.00491396714897188	0.0068924082937672
"264"	"MT-2_2"	"MT-4_2"	170	18	2	0.111111111111111	0.0034965034965035	1.19904086659517e-14	0.00263138565751654	0.00436162133549045
"265"	"MT-4_1"	"MT-2_1"	170	22	1	0.0454545454545455	0.00376895831441286	0.00156679483359956	0.00295128749648339	0.00458662913234233
"266"	"MT-4_1"	"MT-2_2"	170	22	3	0.136363636363636	0.00590318772136954	1.33226762955019e-15	0.00489014945569583	0.00691622598704325
"267"	"MT-4_1"	"MT-4_1"	170	11	11	1	0.053764417400781	0	0.0497067031296169	0.0578221316719452
"268"	"MT-4_1"	"MT-4_2"	170	13	4	0.307692307692308	0.00776146929993084	0	0.00630798898232913	0.00921494961753254
"269"	"MT-4_2"	"MT-2_1"	170	18	0	0	0.00233100233100233	0.838230633737473	0.0016228365136759	0.00303916814832876
"270"	"MT-4_2"	"MT-2_2"	170	18	2	0.111111111111111	0.00410700410700411	1.87183601951801e-13	0.00320496950483969	0.00500903870916853
"271"	"MT-4_2"	"MT-4_1"	170	13	4	0.307692307692308	0.00614769845539076	0	0.00478476153916058	0.00751063537162094
"272"	"MT-4_2"	"MT-4_2"	170	6	6	1	0.026973026973027	0	0.0229723278375814	0.0309737261084726
"273"	"MT-2_1"	"MT-2_1"	180	12	12	1	0.052947052947053	0	0.0490246486260392	0.0568694572680667
"274"	"MT-2_1"	"MT-2_2"	180	24	2	0.0833333333333333	0.00316350316350316	8.11573031000989e-13	0.00246895256591989	0.00385805376108644
"275"	"MT-2_1"	"MT-4_1"	180	23	1	0.0434782608695652	0.00443035225643921	0.0044320402681528	0.00357926755025588	0.00528143696262255
"276"	"MT-2_1"	"MT-4_2"	180	18	0	0	0.00227550227550228	0.840310893341878	0.00157506663608087	0.00297593791492368
"277"	"MT-2_2"	"MT-2_1"	180	24	2	0.0833333333333333	0.00403762903762904	3.21591420160416e-10	0.0032554711004859	0.00481978697477217
"278"	"MT-2_2"	"MT-2_2"	180	14	14	1	0.0692164977879264	0	0.0653339135522657	0.073099082023587
"279"	"MT-2_2"	"MT-4_1"	180	23	3	0.130434782608696	0.0056030925596143	6.66133814775094e-16	0.00464444088447118	0.00656174423475741
"280"	"MT-2_2"	"MT-4_2"	180	18	2	0.111111111111111	0.00360750360750361	1.13242748511766e-14	0.00274414252197767	0.00447086469302954
"281"	"MT-4_1"	"MT-2_1"	180	23	1	0.0434782608695652	0.00443035225643921	0.00333077561062933	0.00360529909066296	0.00525540542221546
"282"	"MT-4_1"	"MT-2_2"	180	23	3	0.130434782608696	0.00642835425444121	2.55351295663786e-14	0.00541892482901087	0.00743778367987155
"283"	"MT-4_1"	"MT-4_1"	180	12	12	1	0.0605228105228105	0	0.0564497466646836	0.0645958743809374
"284"	"MT-4_1"	"MT-4_2"	180	14	4	0.285714285714286	0.00620807763664907	0	0.00492836522353023	0.0074877900497679
"285"	"MT-4_2"	"MT-2_1"	180	18	0	0	0.00177600177600178	0.855870320754161	0.00116953872255051	0.00238246482945304
"286"	"MT-4_2"	"MT-2_2"	180	18	2	0.111111111111111	0.00310800310800311	0	0.00231572548803356	0.00390028072797265
"287"	"MT-4_2"	"MT-4_1"	180	14	4	0.285714285714286	0.00592264877979164	0	0.0047003642170383	0.00714493334254497
"288"	"MT-4_2"	"MT-4_2"	180	6	6	1	0.0303030303030303	0	0.026054563038816	0.0345514975672446
"289"	"MT-2_1"	"MT-2_1"	190	13	13	1	0.0660109121647583	0	0.0620025056282752	0.0700193187012414
"290"	"MT-2_1"	"MT-2_2"	190	28	0	0	0.00360353931782503	0.74572106483241	0.00291432025956629	0.00429275837608377
"291"	"MT-2_1"	"MT-4_1"	190	28	0	0	0.00513771942343371	0.709651816223074	0.00428185168703876	0.00599358715982866
"292"	"MT-2_1"	"MT-4_2"	190	19	0	0	0.00210315999789684	0.838419156397211	0.00146345747404576	0.00274286252174792
"293"	"MT-2_2"	"MT-2_1"	190	28	0	0	0.00346082488939632	0.756425128353607	0.00276879511397306	0.00415285466481957
"294"	"MT-2_2"	"MT-2_2"	190	15	15	1	0.0693972693972694	0	0.0654542919852133	0.0733402468093255
"295"	"MT-2_2"	"MT-4_1"	190	27	3	0.111111111111111	0.00688200688200688	1.83255632890678e-11	0.00591982809251185	0.00784418567150192
"296"	"MT-2_2"	"MT-4_2"	190	19	2	0.105263157894737	0.00341763499658236	4.21884749357559e-15	0.00261284795044713	0.0042224220427176
"297"	"MT-4_1"	"MT-2_1"	190	28	0	0	0.00620807763664907	0.669411577208455	0.00530623385769749	0.00710992141560064
"298"	"MT-4_1"	"MT-2_2"	190	27	3	0.111111111111111	0.00636400636400636	1.66344715779587e-11	0.00539907013928125	0.00732894258873148
"299"	"MT-4_1"	"MT-4_1"	190	15	15	1	0.0915084915084915	0	0.0872312903919395	0.0957856926250436
"300"	"MT-4_1"	"MT-4_2"	190	17	4	0.235294117647059	0.00681671269906564	0	0.00557111413792489	0.00806231126020639
"301"	"MT-4_2"	"MT-2_1"	190	19	0	0	0.00210315999789684	0.838419156397211	0.00146345747404576	0.00274286252174792
"302"	"MT-4_2"	"MT-2_2"	190	19	2	0.105263157894737	0.00378568799621431	1.80566672725035e-12	0.00289276154855353	0.00467861444387509
"303"	"MT-4_2"	"MT-4_1"	190	17	4	0.235294117647059	0.00664041840512429	0	0.00545120498543391	0.00782963182481466
"304"	"MT-4_2"	"MT-4_2"	190	6	6	1	0.0316350316350316	0	0.027299092274767	0.0359709709952963
"305"	"MT-2_1"	"MT-2_1"	200	14	14	1	0.0613672042243471	0	0.0575842237346679	0.0651501847140262
"306"	"MT-2_1"	"MT-2_2"	200	29	1	0.0344827586206897	0.00468497020221158	0.0189078921096382	0.00389762591133459	0.00547231449308857
"307"	"MT-2_1"	"MT-4_1"	200	27	0	0	0.00506900506900507	0.718582665213468	0.00419653450140273	0.00594147563660741
"308"	"MT-2_1"	"MT-4_2"	200	21	0	0	0.00285428856857428	0.807319589130084	0.00212840140221331	0.00358017573493525
"309"	"MT-2_2"	"MT-2_1"	200	29	1	0.0344827586206897	0.00403045230631438	0.0126101280641466	0.00327331035405872	0.00478759425857003
"310"	"MT-2_2"	"MT-2_2"	200	16	16	1	0.0809815184815185	0	0.0769371979472351	0.0850258390158019
"311"	"MT-2_2"	"MT-4_1"	200	26	3	0.115384615384615	0.00553292860985169	1.56985535681997e-12	0.00456897433633164	0.00649688288337174
"312"	"MT-2_2"	"MT-4_2"	200	21	2	0.0952380952380952	0.00447171875743304	2.74300804292693e-10	0.0035799126738296	0.00536352484103649
"313"	"MT-4_1"	"MT-2_1"	200	27	0	0	0.00455100455100455	0.720431712635643	0.00376228142312617	0.00533972767888293
"314"	"MT-4_1"	"MT-2_2"	200	26	3	0.115384615384615	0.00649350649350649	1.14330767075899e-12	0.00554387783157342	0.00744313515543957
"315"	"MT-4_1"	"MT-4_1"	200	13	13	1	0.0559440559440559	0	0.0522099827826373	0.0596781291054746
"316"	"MT-4_1"	"MT-4_2"	200	15	5	0.333333333333333	0.00739260739260739	0	0.00601691126009754	0.00876830352511725
"317"	"MT-4_2"	"MT-2_1"	200	21	0	0	0.00328243185386043	0.785655415465496	0.00253382606275301	0.00403103764496784
"318"	"MT-4_2"	"MT-2_2"	200	21	2	0.0952380952380952	0.00456686170971885	2.62919908067261e-10	0.00367691418922414	0.00545680923021357
"319"	"MT-4_2"	"MT-4_1"	200	15	5	0.333333333333333	0.00872460872460873	0	0.00721179690107109	0.0102374205481464
"320"	"MT-4_2"	"MT-4_2"	200	7	7	1	0.033966033966034	0	0.029930727447506	0.038001340484562
"321"	"MT-2_1"	"MT-2_1"	210	15	15	1	0.0591408591408591	0	0.0554978117966674	0.0627839064850509
"322"	"MT-2_1"	"MT-2_2"	210	32	1	0.03125	0.00324675324675325	0.00443825405258003	0.00263630127551652	0.00385720521798998
"323"	"MT-2_1"	"MT-4_1"	210	28	0	0	0.00492364778079064	0.696557273687104	0.00414055972631465	0.00570673583526663
"324"	"MT-2_1"	"MT-4_2"	210	22	0	0	0.00358732176913995	0.772863673914743	0.0028164463737092	0.0043581971645707
"325"	"MT-2_2"	"MT-2_1"	210	32	1	0.03125	0.00493256743256743	0.038184701707467	0.00414510618269634	0.00572002868243853
"326"	"MT-2_2"	"MT-2_2"	210	18	18	1	0.0739260739260739	0	0.0702801638231863	0.0775719840289616
"327"	"MT-2_2"	"MT-4_1"	210	28	3	0.107142857142857	0.00617239902954189	1.08157927058983e-11	0.0052507859177341	0.00709401214134967
"328"	"MT-2_2"	"MT-4_2"	210	23	2	0.0869565217391304	0.00464752638665682	1.44624787701275e-08	0.00374680976810863	0.00554824300520502
"329"	"MT-4_1"	"MT-2_1"	210	28	0	0	0.00524475524475524	0.702100630956822	0.00439427101008649	0.006095239479424
"330"	"MT-4_1"	"MT-2_2"	210	28	3	0.107142857142857	0.00570857713714857	4.92272889118794e-13	0.00483809754109314	0.00657905673320399
"331"	"MT-4_1"	"MT-4_1"	210	13	13	1	0.0569430569430569	0	0.0530189833772493	0.0608671305088646
"332"	"MT-4_1"	"MT-4_2"	210	16	4	0.25	0.00761738261738262	0	0.0063135327309362	0.00892123250382904
"333"	"MT-4_2"	"MT-2_1"	210	22	0	0	0.00363273090545818	0.776979195298614	0.00283728929013795	0.00442817252077841
"334"	"MT-4_2"	"MT-2_2"	210	23	2	0.0869565217391304	0.00430004777830865	7.2190053934662e-10	0.00346796275735228	0.00513213279926502
"335"	"MT-4_2"	"MT-4_1"	210	16	4	0.25	0.00618131868131868	0	0.00497269860765306	0.0073899387549843
"336"	"MT-4_2"	"MT-4_2"	210	7	7	1	0.031968031968032	0	0.0279282382237107	0.0360078257123532
"337"	"MT-2_1"	"MT-2_1"	220	17	17	1	0.0659340659340659	0	0.0622306246809709	0.069637507187161
"338"	"MT-2_1"	"MT-2_2"	220	35	1	0.0285714285714286	0.00442414728129014	0.0275002590691922	0.00374471502444931	0.00510357953813097
"339"	"MT-2_1"	"MT-4_1"	220	30	0	0	0.00576090576090576	0.677851996877745	0.0049007335232185	0.00662107799859303
"340"	"MT-2_1"	"MT-4_2"	220	26	0	0	0.00341965726581111	0.763196135671823	0.00271567760026914	0.00412363693135309
"341"	"MT-2_2"	"MT-2_1"	220	35	1	0.0285714285714286	0.00448123305266162	0.0275377663326688	0.00380324295585315	0.0051592231494701
"342"	"MT-2_2"	"MT-2_2"	220	19	19	1	0.0691413849308586	0	0.0656141667648451	0.0726686030968721
"343"	"MT-2_2"	"MT-4_1"	220	30	2	0.0666666666666667	0.00742590742590743	0.000119127705994426	0.00647101985900677	0.00838079499280809
"344"	"MT-2_2"	"MT-4_2"	220	26	2	0.0769230769230769	0.00576346730192884	2.00414279438732e-06	0.00483488116052646	0.00669205344333122
"345"	"MT-4_1"	"MT-2_1"	220	30	0	0	0.00512820512820513	0.695320354409406	0.00431606765893359	0.00594034259747666
"346"	"MT-4_1"	"MT-2_2"	220	30	2	0.0666666666666667	0.00569430569430569	9.03119431505672e-06	0.00484240391206872	0.00654620747654267
"347"	"MT-4_1"	"MT-4_1"	220	13	13	1	0.0580189041727503	0	0.0542393905895959	0.0617984177559048
"348"	"MT-4_1"	"MT-4_2"	220	18	4	0.222222222222222	0.00771450771450771	0	0.00646403391520754	0.00896498151380789
"349"	"MT-4_2"	"MT-2_1"	220	26	0	0	0.00365019595788827	0.754341429793351	0.00292669376833581	0.00437369814744072
"350"	"MT-4_2"	"MT-2_2"	220	26	2	0.0769230769230769	0.00522554368708215	6.01823250789835e-07	0.00433448613344659	0.00611660124071771
"351"	"MT-4_2"	"MT-4_1"	220	18	4	0.222222222222222	0.00704850704850705	0	0.00583079859171121	0.00826621550530288
"352"	"MT-4_2"	"MT-4_2"	220	9	9	1	0.0408480408480408	0	0.0368018882493979	0.0448941934466837
"353"	"MT-2_1"	"MT-2_1"	230	19	19	1	0.0710342289289658	0	0.0675432700289506	0.0745251878289809
"354"	"MT-2_1"	"MT-2_2"	230	37	2	0.0540540540540541	0.00515700515700516	1.85622294299748e-05	0.00444866503983543	0.00586534527417488
"355"	"MT-2_1"	"MT-4_1"	230	34	0	0	0.00622906505259446	0.638395219574893	0.00540694731143995	0.00705118279374897
"356"	"MT-2_1"	"MT-4_2"	230	28	0	0	0.00406736121021835	0.727740765953965	0.00334271615225704	0.00479200626817966
"357"	"MT-2_2"	"MT-2_1"	230	37	2	0.0540540540540541	0.00545400545400545	7.20925824551077e-05	0.00469458398826107	0.00621342691974984
"358"	"MT-2_2"	"MT-2_2"	230	20	20	1	0.0652347652347652	0	0.0619090216219718	0.0685605088475587
"359"	"MT-2_2"	"MT-4_1"	230	32	3	0.09375	0.00736763236763237	6.24755802647314e-09	0.00644547182932878	0.00828979290593596
"360"	"MT-2_2"	"MT-4_2"	230	27	2	0.0740740740740741	0.00473600473600474	1.01295402732404e-07	0.00392828751320268	0.00554372195880679
"361"	"MT-4_1"	"MT-2_1"	230	34	0	0	0.00578832931774108	0.653524510410076	0.00498851638782499	0.00658814224765718
"362"	"MT-4_1"	"MT-2_2"	230	32	3	0.09375	0.00743006993006993	8.06792588292637e-09	0.00650171155951799	0.00835842830062187
"363"	"MT-4_1"	"MT-4_1"	230	15	15	1	0.0572760572760573	0	0.0537067465082517	0.0608453680438628
"364"	"MT-4_1"	"MT-4_2"	230	20	4	0.2	0.00679320679320679	0	0.00561018686984044	0.00797622671657315
"365"	"MT-4_2"	"MT-2_1"	230	28	0	0	0.00346082488939632	0.753971954201974	0.00277592225478474	0.00414572752400789
"366"	"MT-4_2"	"MT-2_2"	230	27	2	0.0740740740740741	0.00484700484700485	2.1381546844168e-07	0.00401920660211632	0.00567480309189337
"367"	"MT-4_2"	"MT-4_1"	230	20	4	0.2	0.00699300699300699	0	0.00584758538040143	0.00813842860561256
"368"	"MT-4_2"	"MT-4_2"	230	9	9	1	0.0378510378510379	0	0.0339111950545531	0.0417908806475226
"369"	"MT-2_1"	"MT-2_1"	240	21	21	1	0.0711669283097855	0	0.0679719240834105	0.0743619325361604
"370"	"MT-2_1"	"MT-2_2"	240	41	2	0.0487804878048781	0.00621329889622572	0.000309087533674424	0.00548145548829642	0.00694514230415503
"371"	"MT-2_1"	"MT-4_1"	240	37	0	0	0.00650700650700651	0.61941989539837	0.00569442302675433	0.00731958998725869
"372"	"MT-2_1"	"MT-4_2"	240	29	0	0	0.00423714216817665	0.722676389552339	0.00349661080289283	0.00497767353346047
"373"	"MT-2_2"	"MT-2_1"	240	41	2	0.0487804878048781	0.00755342218756853	0.00119092512307861	0.0067644632152551	0.00834238115988196
"374"	"MT-2_2"	"MT-2_2"	240	22	22	1	0.0661611116156571	0	0.0629364562098032	0.0693857670215109
"375"	"MT-2_2"	"MT-4_1"	240	35	3	0.0857142857142857	0.00804909376337948	3.15763608371711e-07	0.0071071156545906	0.00899107187216835
"376"	"MT-2_2"	"MT-4_2"	240	28	2	0.0714285714285714	0.00510204081632653	4.13696771062178e-07	0.00428944344254095	0.00591463819011211
"377"	"MT-4_1"	"MT-2_1"	240	37	0	0	0.00580500580500581	0.633417372455084	0.00505006666584751	0.0065599449441641
"378"	"MT-4_1"	"MT-2_2"	240	35	3	0.0857142857142857	0.00702154987869274	2.09366715075987e-08	0.00615061134360739	0.00789248841377809
"379"	"MT-4_1"	"MT-4_1"	240	16	16	1	0.0681818181818182	0	0.0645109632591355	0.0718526731045009
"380"	"MT-4_1"	"MT-4_2"	240	20	4	0.2	0.00664335664335664	0	0.00553675802836303	0.00774995525835026
"381"	"MT-4_2"	"MT-2_1"	240	29	0	0	0.00389265906507286	0.731510024836971	0.00318900298638545	0.00459631514376026
"382"	"MT-4_2"	"MT-2_2"	240	28	2	0.0714285714285714	0.00560154131582703	2.3380454841071e-06	0.00473685869122442	0.00646622394042964
"383"	"MT-4_2"	"MT-4_1"	240	20	4	0.2	0.00584415584415584	0	0.00480018285937832	0.00688812882893337
"384"	"MT-4_2"	"MT-4_2"	240	8	8	1	0.0285964035964036	0	0.0249714419258818	0.0322213652669254
"385"	"MT-2_1"	"MT-2_1"	250	23	23	1	0.0704512878425922	0	0.0672290737769072	0.0736735019082772
"386"	"MT-2_1"	"MT-2_2"	250	41	2	0.0487804878048781	0.00584781072585951	0.000277662148460589	0.00511531471838439	0.00658030673333463
"387"	"MT-2_1"	"MT-4_1"	250	39	0	0	0.0064550833781603	0.593594813867277	0.00570481711563862	0.00720534964068198
"388"	"MT-2_1"	"MT-4_2"	250	31	0	0	0.0030614546743579	0.751715300774296	0.00246127952884822	0.00366162981986758
"389"	"MT-2_2"	"MT-2_1"	250	41	2	0.0487804878048781	0.00621329889622572	0.00071529211029131	0.00543302586848604	0.00699357192396541
"390"	"MT-2_2"	"MT-2_2"	250	20	20	1	0.0607892107892108	0	0.0576611809947214	0.0639172405837002
"391"	"MT-2_2"	"MT-4_1"	250	33	3	0.0909090909090909	0.00781037144673508	3.12073815678104e-08	0.0068791112698945	0.00874163162357566
"392"	"MT-2_2"	"MT-4_2"	250	26	2	0.0769230769230769	0.00526396680242834	1.57474015605175e-07	0.00441635122369538	0.00611158238116131
"393"	"MT-4_1"	"MT-2_1"	250	39	0	0	0.00655754501908348	0.595865634568254	0.00579065796104327	0.00732443207712369
"394"	"MT-4_1"	"MT-2_2"	250	33	3	0.0909090909090909	0.0075681893863712	1.92012077349091e-08	0.00664826435518193	0.00848811441756048
"395"	"MT-4_1"	"MT-4_1"	250	16	16	1	0.0563186813186813	0	0.0527802240650025	0.0598571385723602
"396"	"MT-4_1"	"MT-4_2"	250	20	4	0.2	0.00809190809190809	0	0.00684454637463282	0.00933926980918336
"397"	"MT-4_2"	"MT-2_1"	250	31	0	0	0.0040604556733589	0.720899359349265	0.00335551763380804	0.00476539371290976
"398"	"MT-4_2"	"MT-2_2"	250	26	2	0.0769230769230769	0.00607085222469838	1.8295892316722e-06	0.00514983957976069	0.00699186486963607
"399"	"MT-4_2"	"MT-4_1"	250	20	4	0.2	0.00674325674325674	0	0.00563031227026221	0.00785620121625128
"400"	"MT-4_2"	"MT-4_2"	250	8	8	1	0.0314685314685315	0	0.0274958765089367	0.0354411864281262
"401"	"MT-2_1"	"MT-2_1"	260	24	24	1	0.0626873126873127	0	0.0597246553543028	0.0656499700203225
"402"	"MT-2_1"	"MT-2_2"	260	44	1	0.0227272727272727	0.00708382526564345	0.210951891569309	0.00630820572407706	0.00785944480720984
"403"	"MT-2_1"	"MT-4_1"	260	41	0	0	0.00706610462708024	0.596839931412353	0.00623754796227297	0.0078946612918875
"404"	"MT-2_1"	"MT-4_2"	260	32	0	0	0.00474525474525475	0.6899786055173	0.00400740178912873	0.00548310770138076
"405"	"MT-2_2"	"MT-2_1"	260	44	1	0.0227272727272727	0.0063345745163927	0.166072877444056	0.00560043497792765	0.00706871405485774
"406"	"MT-2_2"	"MT-2_2"	260	21	21	1	0.0660767803624946	0	0.0629210788656929	0.0692324818592965
"407"	"MT-2_2"	"MT-4_1"	260	35	3	0.0857142857142857	0.00893392321963751	9.72444348823487e-07	0.00796147795008772	0.00990636848918729
"408"	"MT-2_2"	"MT-4_2"	260	27	2	0.0740740740740741	0.00543900543900544	5.75821857307091e-07	0.004587462584905	0.00629054829310588
"409"	"MT-4_1"	"MT-2_1"	260	41	0	0	0.0076752515776906	0.554770119398601	0.00686924968321371	0.0084812534721675
"410"	"MT-4_1"	"MT-2_2"	260	35	3	0.0857142857142857	0.00782075067789353	1.8104319421397e-07	0.00689483913363508	0.00874666222215199
"411"	"MT-4_1"	"MT-4_1"	260	17	17	1	0.0588235294117647	0	0.0553316773981282	0.0623153814254013
"412"	"MT-4_1"	"MT-4_2"	260	21	4	0.19047619047619	0.00784929356357928	0	0.00666862202659892	0.00902996510055963
"413"	"MT-4_2"	"MT-2_1"	260	32	0	0	0.00433941058941059	0.710248375770242	0.00361497029354411	0.00506385088527707
"414"	"MT-4_2"	"MT-2_2"	260	27	2	0.0740740740740741	0.00447700447700448	6.09029719988996e-08	0.00368000337418221	0.00527400557982674
"415"	"MT-4_2"	"MT-4_1"	260	21	4	0.19047619047619	0.00794443651586509	0	0.00677364512507527	0.0091152279066549
"416"	"MT-4_2"	"MT-4_2"	260	8	8	1	0.0268481518481518	0	0.0233052893367296	0.0303910143595741
"417"	"MT-2_1"	"MT-2_1"	270	26	26	1	0.0763851533082302	0	0.0732749905634624	0.079495316052998
"418"	"MT-2_1"	"MT-2_2"	270	47	3	0.0638297872340425	0.00714179437583693	3.42511570883275e-06	0.0063846126220806	0.00789897612959326
"419"	"MT-2_1"	"MT-4_1"	270	43	1	0.0232558139534884	0.00752735636456567	0.214700354439873	0.00674110577291488	0.00831360695621645
"420"	"MT-2_1"	"MT-4_2"	270	33	1	0.0303030303030303	0.00457118638936821	0.0295224677631916	0.00383788675244259	0.00530448602629383
"421"	"MT-2_2"	"MT-2_1"	270	47	3	0.0638297872340425	0.00737560312028397	5.47530829475562e-06	0.00660531638702768	0.00814588985354026
"422"	"MT-2_2"	"MT-2_2"	270	24	24	1	0.0715534465534465	0	0.0685120766099603	0.0745948164969328
"423"	"MT-2_2"	"MT-4_1"	270	39	3	0.0769230769230769	0.00876047029893184	6.0435735445008e-06	0.00782614493772296	0.00969479566014072
"424"	"MT-2_2"	"MT-4_2"	270	30	2	0.0666666666666667	0.00489510489510489	4.75516090947536e-07	0.0041343140500579	0.00565589574015189
"425"	"MT-4_1"	"MT-2_1"	270	43	1	0.0232558139534884	0.00792231024789164	0.242932710837436	0.00710784667342933	0.00873677382235396
"426"	"MT-4_1"	"MT-2_2"	270	39	3	0.0769230769230769	0.00901662440123979	6.36281214583256e-06	0.00808356279620446	0.00994968600627511
"427"	"MT-4_1"	"MT-4_1"	270	18	18	1	0.0582195582195582	0	0.0550507771239108	0.0613883393152056
"428"	"MT-4_1"	"MT-4_2"	270	22	4	0.181818181818182	0.00762873490146217	0	0.0065159175004502	0.00874155230247414
"429"	"MT-4_2"	"MT-2_1"	270	33	1	0.0303030303030303	0.00423818605636787	0.0180932940975755	0.00355424420725104	0.00492212790548471
"430"	"MT-4_2"	"MT-2_2"	270	30	2	0.0666666666666667	0.00536130536130536	3.4828541570775e-06	0.00454183996705848	0.00618077075555224
"431"	"MT-4_2"	"MT-4_1"	270	22	4	0.181818181818182	0.00781037144673508	0	0.00666711041099998	0.00895363248247019
"432"	"MT-4_2"	"MT-4_2"	270	8	8	1	0.0284715284715285	0	0.0249181054843753	0.0320249514586816
"433"	"MT-2_1"	"MT-2_1"	280	28	28	1	0.0690381047523905	0	0.0661460969623236	0.0719301125424573
"434"	"MT-2_1"	"MT-2_2"	280	50	3	0.06	0.00911088911088911	0.00011286520544429	0.00829342670603878	0.00992835151573944
"435"	"MT-2_1"	"MT-4_1"	280	45	1	0.0222222222222222	0.00945720945720946	0.361763267206811	0.00858909198124131	0.0103253269331776
"436"	"MT-2_1"	"MT-4_2"	280	36	1	0.0277777777777778	0.00593850593850594	0.0953737050170607	0.00512628317976032	0.00675072869725155
"437"	"MT-2_2"	"MT-2_1"	280	50	3	0.06	0.00955044955044955	0.000163412607727453	0.00872040381724528	0.0103804952836538
"438"	"MT-2_2"	"MT-2_2"	280	25	25	1	0.0684115884115884	0	0.0654824094738625	0.0713407673493143
"439"	"MT-2_2"	"MT-4_1"	280	40	3	0.075	0.00956543456543456	1.30339188157969e-05	0.00863448944107314	0.010496379689796
"440"	"MT-2_2"	"MT-4_2"	280	32	2	0.0625	0.00671203796203796	6.78528933555356e-05	0.00584345402800756	0.00758062189606836
"441"	"MT-4_1"	"MT-2_1"	280	45	1	0.0222222222222222	0.00881340881340881	0.334897834567656	0.00795095220151843	0.0096758654252992
"442"	"MT-4_1"	"MT-2_2"	280	40	3	0.075	0.010014985014985	5.84908617213831e-05	0.0090120520330632	0.0110179179969068
"443"	"MT-4_1"	"MT-4_1"	280	18	18	1	0.0566100566100566	0	0.0533472344063102	0.0598728788138031
"444"	"MT-4_1"	"MT-4_2"	280	22	5	0.227272727272727	0.00899100899100899	0	0.00779877693908864	0.0101832410429293
"445"	"MT-4_2"	"MT-2_1"	280	36	1	0.0277777777777778	0.00602175602175602	0.103904479286822	0.00519198315279958	0.00685152889071247
"446"	"MT-4_2"	"MT-2_2"	280	32	2	0.0625	0.00583791208791209	1.55179316063681e-05	0.00502462345268063	0.00665120072314355
"447"	"MT-4_2"	"MT-4_1"	280	22	5	0.227272727272727	0.0101262373989647	0	0.00879394728999079	0.0114585275079385
"448"	"MT-4_2"	"MT-4_2"	280	9	9	1	0.0340770340770341	0	0.0305170818846711	0.037636986269397
"449"	"MT-2_1"	"MT-2_1"	290	35	35	1	0.0895961181675467	0	0.0866866711770117	0.0925055651580817
"450"	"MT-2_1"	"MT-2_2"	290	61	4	0.0655737704918033	0.00951507508884558	3.99005708984213e-06	0.0087611639563048	0.0102689862213864
"451"	"MT-2_1"	"MT-4_1"	290	54	1	0.0185185185185185	0.0083990083990084	0.399169224660383	0.00765456037787588	0.00914345642014092
"452"	"MT-2_1"	"MT-4_2"	290	44	1	0.0227272727272727	0.00535827808555081	0.111317916808767	0.00468171619089716	0.00603483998020447
"453"	"MT-2_2"	"MT-2_1"	290	61	4	0.0655737704918033	0.00926941910548468	1.13117327800172e-05	0.00847401078542948	0.0100648274255399
"454"	"MT-2_2"	"MT-2_2"	290	30	30	1	0.0794205794205794	0	0.0765480407308214	0.0822931181103374
"455"	"MT-2_2"	"MT-4_1"	290	47	3	0.0638297872340425	0.00920356239505176	6.29748386740125e-05	0.00835682508983473	0.0100502997002688
"456"	"MT-2_2"	"MT-4_2"	290	37	3	0.0810810810810811	0.00645300645300645	1.97979510563329e-08	0.00562847809732697	0.00727753480868593
"457"	"MT-4_1"	"MT-2_1"	290	54	1	0.0185185185185185	0.00871350871350871	0.424424217345895	0.00795215985155044	0.00947485757546699
"458"	"MT-4_1"	"MT-2_2"	290	47	3	0.0638297872340425	0.00937360511828597	9.98920349151167e-05	0.00850552607515523	0.0102416841614167
"459"	"MT-4_1"	"MT-4_1"	290	20	20	1	0.0603396603396603	0	0.0572288907944899	0.0634504298848307
"460"	"MT-4_1"	"MT-4_2"	290	25	5	0.2	0.00827172827172827	0	0.00713429228924357	0.00940916425421298
"461"	"MT-4_2"	"MT-2_1"	290	44	1	0.0227272727272727	0.00519934610843702	0.0928572306782609	0.0045524340244028	0.00584625819247124
"462"	"MT-4_2"	"MT-2_2"	290	37	3	0.0810810810810811	0.0066960066960067	1.52494410432524e-08	0.00588069513901237	0.00751131825300102
"463"	"MT-4_2"	"MT-4_1"	290	25	5	0.2	0.00851148851148851	0	0.00739733646144724	0.00962564056152978
"464"	"MT-4_2"	"MT-4_2"	290	10	10	1	0.0363636363636364	0	0.0326440999627812	0.0400831727644915
"465"	"MT-2_1"	"MT-2_1"	300	38	38	1	0.0928282244071718	0	0.0899948196435493	0.0956616291707942
"466"	"MT-2_1"	"MT-2_2"	300	63	4	0.0634920634920635	0.0104498675927247	3.00198285192455e-05	0.00966155719936559	0.0112381779860839
"467"	"MT-2_1"	"MT-4_1"	300	58	1	0.0172413793103448	0.0100072341451652	0.580951573440992	0.00919438705786479	0.0108200812324656
"468"	"MT-2_1"	"MT-4_2"	300	49	0	0	0.00660563925870048	0.557901206444236	0.00590643738171345	0.00730484113568752
"469"	"MT-2_2"	"MT-2_1"	300	63	4	0.0634920634920635	0.0109572966715824	5.13291761026213e-05	0.010152653375754	0.0117619399674108
"470"	"MT-2_2"	"MT-2_2"	300	29	29	1	0.0756484894415929	0	0.0726908272787876	0.0786061516043982
"471"	"MT-2_2"	"MT-4_1"	300	45	5	0.111111111111111	0.0100566100566101	7.91677834399707e-12	0.00914027632881218	0.0109729437844079
"472"	"MT-2_2"	"MT-4_2"	300	36	4	0.111111111111111	0.00732600732600733	5.17363929475323e-14	0.00647083897125574	0.00818117568075891
"473"	"MT-4_1"	"MT-2_1"	300	58	1	0.0172413793103448	0.00967997519721658	0.54858273933493	0.00889818304182227	0.0104617673526109
"474"	"MT-4_1"	"MT-2_2"	300	45	5	0.111111111111111	0.0093018093018093	1.20348175869367e-13	0.00845036377245392	0.0101532548311647
"475"	"MT-4_1"	"MT-4_1"	300	21	21	1	0.0598449169877741	0	0.0567627579388245	0.0629270760367238
"476"	"MT-4_1"	"MT-4_2"	300	27	5	0.185185185185185	0.0108780108780109	0	0.00968957115970097	0.0120664505963208
"477"	"MT-4_2"	"MT-2_1"	300	49	0	0	0.00625904707537361	0.570889589397335	0.00557406381896222	0.00694403033178499
"478"	"MT-4_2"	"MT-2_2"	300	36	4	0.111111111111111	0.00777000777000777	2.84972045960785e-12	0.00685237780267061	0.00868763773734494
"479"	"MT-4_2"	"MT-4_1"	300	27	5	0.185185185185185	0.00984200984200984	0	0.00865431557757181	0.0110297041064479
"480"	"MT-4_2"	"MT-4_2"	300	11	11	1	0.0415947688674961	0	0.0379736094659267	0.0452159282690656
"481"	"MT-2_1"	"MT-2_1"	310	31	31	1	0.0717024910573298	0	0.068914804371274	0.0744901777433855
"482"	"MT-2_1"	"MT-2_2"	310	58	4	0.0689655172413793	0.00890488821523304	1.29716554897463e-06	0.00813525343193498	0.00967452299853111
"483"	"MT-2_1"	"MT-4_1"	310	52	1	0.0192307692307692	0.00962499039422116	0.456631593439828	0.00882463954328493	0.0104253412451574
"484"	"MT-2_1"	"MT-4_2"	310	42	0	0	0.00630322058893487	0.602822810689602	0.00555189575503638	0.00705454542283337
"485"	"MT-2_2"	"MT-2_1"	310	58	4	0.0689655172413793	0.00926659547349203	2.01042698866338e-06	0.00848746005063973	0.0100457308963443
"486"	"MT-2_2"	"MT-2_2"	310	31	31	1	0.079855628242725	0	0.0770066321477622	0.0827046243376879
"487"	"MT-2_2"	"MT-4_1"	310	48	5	0.104166666666667	0.00974025974025974	1.22051257989142e-11	0.00887615944812211	0.0106043600323974
"488"	"MT-2_2"	"MT-4_2"	310	38	4	0.105263157894737	0.00822861349177139	9.72422142808682e-12	0.00734491784521312	0.00911230913832965
"489"	"MT-4_1"	"MT-2_1"	310	52	1	0.0192307692307692	0.00920233612541305	0.445791034153483	0.00838654625683517	0.0100181259939909
"490"	"MT-4_1"	"MT-2_2"	310	48	5	0.104166666666667	0.00986513486513487	2.19002593837558e-12	0.00903217013787034	0.0106980995923994
"491"	"MT-4_1"	"MT-4_1"	310	22	22	1	0.0613931523022432	0	0.0582972021702702	0.0644891024342162
"492"	"MT-4_1"	"MT-4_2"	310	28	5	0.178571428571429	0.0114171542742971	0	0.0101685950116178	0.0126657135369765
"493"	"MT-4_2"	"MT-2_1"	310	42	0	0	0.00606536320822035	0.6104369799534	0.00532692793382563	0.00680379848261507
"494"	"MT-4_2"	"MT-2_2"	310	38	4	0.105263157894737	0.00814974499185026	8.53472847950343e-12	0.00726775862571984	0.00903173135798067
"495"	"MT-4_2"	"MT-4_1"	310	28	5	0.178571428571429	0.00991865277579563	0	0.00877021326020341	0.0110670922913879
"496"	"MT-4_2"	"MT-4_2"	310	11	11	1	0.0405957678684951	0	0.0368752460296262	0.0443162897073641
"497"	"MT-2_1"	"MT-2_1"	320	37	37	1	0.0894780894780895	0	0.0867686896327184	0.0921874893234606
"498"	"MT-2_1"	"MT-2_2"	320	65	5	0.0769230769230769	0.0117574732959348	8.53234362496735e-07	0.0109364319542099	0.0125785146376598
"499"	"MT-2_1"	"MT-4_1"	320	59	2	0.0338983050847458	0.0103963832777392	0.0747268632528313	0.00957844739810852	0.0112143191573699
"500"	"MT-2_1"	"MT-4_2"	320	49	1	0.0204081632653061	0.00689106811555791	0.221781557772921	0.00620488716566937	0.00757724906544645
"501"	"MT-2_2"	"MT-2_1"	320	65	5	0.0769230769230769	0.0109275340044571	5.35078505947695e-08	0.0101749876265317	0.0116800803823824
"502"	"MT-2_2"	"MT-2_2"	320	33	33	1	0.0910604546968183	0	0.0880821832968781	0.0940387260967586
"503"	"MT-2_2"	"MT-4_1"	320	52	5	0.0961538461538462	0.00935602858679782	3.13971071363994e-11	0.00854524194410861	0.010166815229487
"504"	"MT-2_2"	"MT-4_2"	320	42	4	0.0952380952380952	0.00870558013415156	3.23769677734731e-10	0.00785189732466825	0.00955926294363488
"505"	"MT-4_1"	"MT-2_1"	320	59	2	0.0338983050847458	0.010311722176129	0.0668283902941007	0.00951354242240057	0.0111099019298573
"506"	"MT-4_1"	"MT-2_2"	320	52	5	0.0961538461538462	0.00958656727887497	6.29167828947175e-11	0.00876516422851972	0.0104079703292302
"507"	"MT-4_1"	"MT-4_1"	320	24	24	1	0.0720529470529471	0	0.0689371219996389	0.0751687721062552
"508"	"MT-4_1"	"MT-4_2"	320	32	5	0.15625	0.0100212287712288	0	0.00897375171885999	0.0110687058235976
"509"	"MT-4_2"	"MT-2_1"	320	49	1	0.0204081632653061	0.00623865929988379	0.189843002925257	0.00556832028562502	0.00690899831414256
"510"	"MT-4_2"	"MT-2_2"	320	42	4	0.0952380952380952	0.00768279339707911	7.36029015513395e-11	0.00684901621761225	0.00851657057654597
"511"	"MT-4_2"	"MT-4_1"	320	32	5	0.15625	0.00999000999000999	0	0.00891485170550783	0.0110651682745122
"512"	"MT-4_2"	"MT-4_2"	320	13	13	1	0.0421117344194267	0	0.0386779196301541	0.0455455492086994
"513"	"MT-2_1"	"MT-2_1"	330	39	39	1	0.0960065575450191	0	0.0932188934853602	0.098794221604678
"514"	"MT-2_1"	"MT-2_2"	330	68	5	0.0735294117647059	0.0102397602397602	5.61411475308304e-07	0.00945530356902124	0.0110242169104992
"515"	"MT-2_1"	"MT-4_1"	330	61	2	0.0327868852459016	0.0113820605623884	0.107064420254435	0.0105582440347663	0.0122058770900106
"516"	"MT-2_1"	"MT-4_2"	330	51	1	0.0196078431372549	0.00687547746371276	0.27640387294706	0.00614993254924774	0.00760102237817777
"517"	"MT-2_2"	"MT-2_1"	330	68	5	0.0735294117647059	0.0105335840629958	4.40824451164445e-07	0.00975994082093445	0.0113072273050572
"518"	"MT-2_2"	"MT-2_2"	330	34	34	1	0.0858259387671152	0	0.0829075897527907	0.0887442877814398
"519"	"MT-2_2"	"MT-4_1"	330	53	5	0.0943396226415094	0.0106308785554069	5.07907316205092e-09	0.00974254518056559	0.0115192119302481
"520"	"MT-2_2"	"MT-4_2"	330	43	4	0.0930232558139535	0.00775968217828683	2.63855604032415e-11	0.00696628428114764	0.00855308007542602
"521"	"MT-4_1"	"MT-2_1"	330	61	2	0.0327868852459016	0.0107269779400927	0.0967300314164443	0.00990319526276627	0.0115507606174191
"522"	"MT-4_1"	"MT-2_2"	330	53	5	0.0943396226415094	0.00938683957551882	1.03973385456868e-09	0.00852350750832047	0.0102501716427172
"523"	"MT-4_1"	"MT-4_1"	330	24	24	1	0.0735930735930736	0	0.0704329086519319	0.0767532385342153
"524"	"MT-4_1"	"MT-4_2"	330	32	5	0.15625	0.0105831668331668	2.22044604925031e-16	0.00949327420460832	0.0116730594617253
"525"	"MT-4_2"	"MT-2_1"	330	51	1	0.0196078431372549	0.00683630095394801	0.243059890150913	0.00615773694179844	0.00751486496609758
"526"	"MT-4_2"	"MT-2_2"	330	43	4	0.0930232558139535	0.00708593731849546	1.77362569075967e-11	0.00629317888649538	0.00787869575049554
"527"	"MT-4_2"	"MT-4_1"	330	32	5	0.15625	0.0103334165834166	0	0.00925852711336381	0.0114083060534694
"528"	"MT-4_2"	"MT-4_2"	330	13	13	1	0.0470298931837393	0	0.0434410315713855	0.0506187547960931
"529"	"MT-2_1"	"MT-2_1"	340	37	37	1	0.0955260955260955	0	0.0928507803192878	0.0982014107329033
"530"	"MT-2_1"	"MT-2_2"	340	69	3	0.0434782608695652	0.00965700965700966	0.00305218708184429	0.00894890374754394	0.0103651155664754
"531"	"MT-2_1"	"MT-4_1"	340	61	2	0.0327868852459016	0.00967884574441951	0.0605400379417314	0.00891519833204765	0.0104424931567914
"532"	"MT-2_1"	"MT-4_2"	340	50	1	0.02	0.00699300699300699	0.251479464971441	0.0062895134119678	0.00769650057404618
"533"	"MT-2_2"	"MT-2_1"	340	69	3	0.0434782608695652	0.00985970551187942	0.00378251389971251	0.00913963550634025	0.0105797755174186
"534"	"MT-2_2"	"MT-2_2"	340	35	35	1	0.0894819466248038	0	0.086733990489307	0.0922299027603006
"535"	"MT-2_2"	"MT-4_1"	340	57	4	0.0701754385964912	0.0101652733231681	4.30900906711607e-06	0.00935540953782873	0.0109751371085074
"536"	"MT-2_2"	"MT-4_2"	340	45	4	0.0888888888888889	0.00879120879120879	9.0792178220056e-09	0.00792678060117477	0.00965563698124281
"537"	"MT-4_1"	"MT-2_1"	340	61	2	0.0327868852459016	0.0106287155467483	0.0891450938029108	0.00982025055443662	0.0114371805390601
"538"	"MT-4_1"	"MT-2_2"	340	57	4	0.0701754385964912	0.0107261159892739	1.2537703143245e-05	0.00988196693882811	0.0115702650397197
"539"	"MT-4_1"	"MT-4_1"	340	26	26	1	0.0723891493122262	0	0.0693734761493309	0.0754048224751216
"540"	"MT-4_1"	"MT-4_2"	340	35	5	0.142857142857143	0.0104466961609819	1.33226762955019e-15	0.00941921587075231	0.0114741764512114
"541"	"MT-4_2"	"MT-2_1"	340	50	1	0.02	0.00765234765234765	0.299743056845332	0.00691381598671014	0.00839087931798517
"542"	"MT-4_2"	"MT-2_2"	340	45	4	0.0888888888888889	0.00885780885780886	3.52521323243593e-09	0.00801720480989499	0.00969841290572273
"543"	"MT-4_2"	"MT-4_1"	340	35	5	0.142857142857143	0.0104181532752961	1.11022302462516e-14	0.00935502718691337	0.0114812793636789
"544"	"MT-4_2"	"MT-4_2"	340	14	14	1	0.0496646210931925	0	0.046098145595279	0.0532310965911061
"545"	"MT-2_1"	"MT-2_1"	350	38	38	1	0.0903833009096167	0	0.0875449784836319	0.0932216233356015
"546"	"MT-2_1"	"MT-2_2"	350	70	4	0.0571428571428571	0.0105608677037248	8.34805327671884e-05	0.00982648809964315	0.0112952473078065
"547"	"MT-2_1"	"MT-4_1"	350	63	2	0.0317460317460317	0.0106242963385821	0.0877883280740848	0.00985692261488476	0.0113916700622793
"548"	"MT-2_1"	"MT-4_2"	350	53	1	0.0188679245283019	0.0079166116901966	0.344999976464526	0.0071973309106899	0.00863589246970329
"549"	"MT-2_2"	"MT-2_1"	350	70	4	0.0571428571428571	0.0103467960610818	4.22214022333112e-05	0.00963801017110191	0.0110555819510616
"550"	"MT-2_2"	"MT-2_2"	350	36	36	1	0.0823620823620824	0	0.0797584402507488	0.0849657244734159
"551"	"MT-2_2"	"MT-4_1"	350	59	4	0.0677966101694915	0.0100916033119423	5.08502327400961e-06	0.00930693388999223	0.0108762727338924
"552"	"MT-2_2"	"MT-4_2"	350	48	4	0.0833333333333333	0.00946969696969697	7.94748320487315e-08	0.00861630302648075	0.0103230909129132
"553"	"MT-4_1"	"MT-2_1"	350	63	2	0.0317460317460317	0.0105291533862962	0.0863677590294687	0.00976178218621127	0.0112965245863812
"554"	"MT-4_1"	"MT-2_2"	350	59	4	0.0677966101694915	0.0103794510574172	1.29881711887769e-05	0.00956271464446572	0.0111961874703686
"555"	"MT-4_1"	"MT-4_1"	350	27	27	1	0.0805860805860806	0	0.0773955306292117	0.0837766305429495
"556"	"MT-4_1"	"MT-4_2"	350	37	6	0.162162162162162	0.0125820125820126	0	0.011489111416865	0.0136749137471602
"557"	"MT-4_2"	"MT-2_1"	350	53	1	0.0188679245283019	0.00770927186021526	0.355614748381759	0.00696004601984173	0.00845849770058878
"558"	"MT-4_2"	"MT-2_2"	350	48	4	0.0833333333333333	0.00921994671994672	2.45274938137641e-08	0.00839564779991065	0.0100442456399828
"559"	"MT-4_2"	"MT-4_1"	350	37	6	0.162162162162162	0.0121230121230121	0	0.0110090510389277	0.0132369732070965
"560"	"MT-4_2"	"MT-4_2"	350	16	16	1	0.0538211788211788	0	0.0504158362792003	0.0572265213631573
"561"	"MT-2_1"	"MT-2_1"	360	42	42	1	0.0956186670472385	0	0.093038047066721	0.098199287027756
"562"	"MT-2_1"	"MT-2_2"	360	74	6	0.0810810810810811	0.0113670113670114	4.92454188538716e-09	0.0106278424419028	0.01210618029212
"563"	"MT-2_1"	"MT-4_1"	360	68	3	0.0441176470588235	0.0123259093847329	0.0147370615785734	0.0115173736857467	0.0131344450837191
"564"	"MT-2_1"	"MT-4_2"	360	56	3	0.0535714285714286	0.00804552590266876	0.000112505095338111	0.00731436376246208	0.00877668804287544
"565"	"MT-2_2"	"MT-2_1"	360	74	6	0.0810810810810811	0.0115425115425115	1.29186989994423e-08	0.0107841276608142	0.0123008954242089
"566"	"MT-2_2"	"MT-2_2"	360	38	38	1	0.0883327199116673	0	0.0855725742020817	0.0910928656212529
"567"	"MT-2_2"	"MT-4_1"	360	63	4	0.0634920634920635	0.0102912960055817	1.67208389152407e-05	0.00952476184086668	0.0110578301702968
"568"	"MT-2_2"	"MT-4_2"	360	51	4	0.0784313725490196	0.00959824489236254	2.41808647549746e-07	0.0087714961317153	0.0104249936530098
"569"	"MT-4_1"	"MT-2_1"	360	68	3	0.0441176470588235	0.0117235705471	0.0123889636200456	0.0109201702409177	0.0125269708532823
"570"	"MT-4_1"	"MT-2_2"	360	63	4	0.0634920634920635	0.0104974390688676	2.38055303591889e-05	0.00971962428704112	0.0112752538506942
"571"	"MT-4_1"	"MT-4_1"	360	29	29	1	0.0914258155637466	0	0.0884504832083178	0.0944011479191754
"572"	"MT-4_1"	"MT-4_2"	360	40	6	0.15	0.0114135864135864	0	0.0104130536022548	0.012414119224918
"573"	"MT-4_2"	"MT-2_1"	360	56	3	0.0535714285714286	0.0076530612244898	0.000138103125252531	0.00690585091892088	0.00840027153005871
"574"	"MT-4_2"	"MT-2_2"	360	51	4	0.0784313725490196	0.00928483281424458	1.04288159441523e-07	0.00847854477850152	0.0100911208499876
"575"	"MT-4_2"	"MT-4_1"	360	40	6	0.15	0.0116383616383616	0	0.0106132574208799	0.0126634658558433
"576"	"MT-4_2"	"MT-4_2"	360	17	17	1	0.0515954633601692	0	0.0484444927387502	0.0547464339815883
"577"	"MT-2_1"	"MT-2_1"	370	42	42	1	0.0930022358593787	0	0.0903600565650694	0.095644415153688
"578"	"MT-2_1"	"MT-2_2"	370	75	6	0.08	0.011961371961372	1.69352882828377e-08	0.0112132386622955	0.0127095052604485
"579"	"MT-2_1"	"MT-4_1"	370	67	3	0.0447761194029851	0.0119134596746537	0.00809021981425828	0.0111438055066304	0.012683113842677
"580"	"MT-2_1"	"MT-4_2"	370	57	3	0.0526315789473684	0.00897348265769318	0.000284067605912153	0.00822740240675759	0.00971956290862878
"581"	"MT-2_2"	"MT-2_1"	370	75	6	0.08	0.0121611721611722	3.30876277487846e-08	0.0113995120680473	0.012922832254297
"582"	"MT-2_2"	"MT-2_2"	370	39	39	1	0.0866313174005482	0	0.0839363903945674	0.0893262444065289
"583"	"MT-2_2"	"MT-4_1"	370	63	4	0.0634920634920635	0.0104815819101533	3.00753242084006e-05	0.00969366343934671	0.01126950038096
"584"	"MT-2_2"	"MT-4_2"	370	53	4	0.0754716981132075	0.0104235387254255	1.57298231995284e-06	0.00958331680671152	0.0112637606441395
"585"	"MT-4_1"	"MT-2_1"	370	67	3	0.0447761194029851	0.0108697272876377	0.0054472432635202	0.0101130692180858	0.0116263853571897
"586"	"MT-4_1"	"MT-2_2"	370	63	4	0.0634920634920635	0.0102912960055817	1.72640530060608e-05	0.00952349843276649	0.011059093578397
"587"	"MT-4_1"	"MT-4_1"	370	28	28	1	0.0893035535892679	0	0.0862259992100892	0.0923811079684465
"588"	"MT-4_1"	"MT-4_2"	370	40	6	0.15	0.0124875124875125	8.88178419700125e-16	0.0114264626083626	0.0135485623666624
"589"	"MT-4_2"	"MT-2_1"	370	57	3	0.0526315789473684	0.00836006099163994	0.000131828187905025	0.00764181188871481	0.00907831009456507
"590"	"MT-4_2"	"MT-2_2"	370	53	4	0.0754716981132075	0.0105743313290483	1.95557161819515e-06	0.00972834546206295	0.0114203171960337
"591"	"MT-4_2"	"MT-4_1"	370	40	6	0.15	0.013036963036963	1.68753899743024e-14	0.011929850121071	0.0141440759528551
"592"	"MT-4_2"	"MT-4_2"	370	18	18	1	0.0577755577755578	0	0.0544022320841719	0.0611488834669436
"593"	"MT-2_1"	"MT-2_1"	380	43	43	1	0.0946727690913737	0	0.0919959571403511	0.0973495810423964
"594"	"MT-2_1"	"MT-2_2"	380	76	6	0.0789473684210526	0.0129344339870656	7.3352909080171e-08	0.0121737904936636	0.0136950774804676
"595"	"MT-2_1"	"MT-4_1"	380	68	3	0.0441176470588235	0.0116794969736146	0.0135169502759498	0.010864900707698	0.0124940932395313
"596"	"MT-2_1"	"MT-4_2"	380	58	3	0.0517241379310345	0.0084742843363533	0.000231514131836752	0.00774571445451967	0.00920285421818693
"597"	"MT-2_2"	"MT-2_1"	380	76	6	0.0789473684210526	0.0129738682370261	3.36121983357529e-07	0.0121718431261332	0.0137758933479191
"598"	"MT-2_2"	"MT-2_2"	380	39	39	1	0.085657931811778	0	0.0830116203470583	0.0883042432764976
"599"	"MT-2_2"	"MT-4_1"	380	63	4	0.0634920634920635	0.0104815819101533	2.30805028007541e-05	0.00970481351975112	0.0112583503005556
"600"	"MT-2_2"	"MT-4_2"	380	53	4	0.0754716981132075	0.00991461368819859	1.57319988436377e-06	0.00906781314210453	0.0107614142342927
"601"	"MT-4_1"	"MT-2_1"	380	68	3	0.0441176470588235	0.0120908503261444	0.011594133861405	0.0113039204874659	0.012877780164823
"602"	"MT-4_1"	"MT-2_2"	380	63	4	0.0634920634920635	0.0105925820211535	1.8662511613643e-05	0.00982604659325336	0.0113591174490535
"603"	"MT-4_1"	"MT-4_1"	380	28	28	1	0.0860211217354074	0	0.0827716809700041	0.0892705625008108
"604"	"MT-4_1"	"MT-4_2"	380	39	7	0.179487179487179	0.012730858884705	0	0.0116637386232454	0.0137979791461647
"605"	"MT-4_2"	"MT-2_1"	380	58	3	0.0517241379310345	0.00873264666368114	0.00037919687123078	0.00798240139861514	0.00948289192874715
"606"	"MT-4_2"	"MT-2_2"	380	53	4	0.0754716981132075	0.0100654062918214	1.36606881251389e-06	0.00922548403359343	0.0109053285500493
"607"	"MT-4_2"	"MT-4_1"	380	39	7	0.179487179487179	0.0118087041163964	0	0.0107083811483015	0.0129090270844913
"608"	"MT-4_2"	"MT-4_2"	380	18	18	1	0.0573870573870574	0	0.0540893554099996	0.0606847593641152
"609"	"MT-2_1"	"MT-2_1"	390	45	45	1	0.0975912975912976	0	0.0950857844242989	0.100096810758296
"610"	"MT-2_1"	"MT-2_2"	390	79	6	0.0759493670886076	0.013214633467798	2.77144161242582e-06	0.0123844699754503	0.0140447969601458
"611"	"MT-2_1"	"MT-4_1"	390	69	3	0.0434782608695652	0.0119011423359249	0.0111490077903174	0.0111294591839902	0.0126728254878597
"612"	"MT-2_1"	"MT-4_2"	390	62	4	0.0645161290322581	0.0102961554574458	9.29902249380277e-06	0.00953752186886654	0.011054789046025
"613"	"MT-2_2"	"MT-2_1"	390	79	6	0.0759493670886076	0.0138089758342923	1.87457714062589e-06	0.0130003794580106	0.014617572210574
"614"	"MT-2_2"	"MT-2_2"	390	40	40	1	0.083041958041958	0	0.0804816432278335	0.0856022728560826
"615"	"MT-2_2"	"MT-4_1"	390	63	4	0.0634920634920635	0.0103547246404389	1.16362112756452e-05	0.0096030029741183	0.0111064463067595
"616"	"MT-2_2"	"MT-4_2"	390	56	5	0.0892857142857143	0.0114706721849579	1.74793193252754e-08	0.0106142132990506	0.0123271310708652
"617"	"MT-4_1"	"MT-2_1"	390	69	3	0.0434782608695652	0.0116115768289681	0.0114127178192502	0.0108302954050621	0.0123928582528741
"618"	"MT-4_1"	"MT-2_2"	390	63	4	0.0634920634920635	0.0104974390688676	3.76397954711116e-05	0.0096999356963625	0.0112949424413728
"619"	"MT-4_1"	"MT-4_1"	390	27	27	1	0.0795870795870796	0	0.0765614162144914	0.0826127429596678
"620"	"MT-4_1"	"MT-4_2"	390	41	7	0.170731707317073	0.011988011988012	0	0.010941924825504	0.01303409915052
"621"	"MT-4_2"	"MT-2_1"	390	62	4	0.0645161290322581	0.0100705745867036	1.61578878390412e-05	0.00928748331445052	0.0108536658589567
"622"	"MT-4_2"	"MT-2_2"	390	56	5	0.0892857142857143	0.0123447980590838	1.0769091973728e-07	0.0114466361352861	0.0132429599828815
"623"	"MT-4_2"	"MT-4_1"	390	41	7	0.170731707317073	0.0123778660364026	0	0.0113230472194397	0.0134326848533656
"624"	"MT-4_2"	"MT-4_2"	390	21	21	1	0.0644593501736359	0	0.0612067254459894	0.0677119749012824
"625"	"MT-2_1"	"MT-2_1"	400	43	43	1	0.0845201310317589	0	0.0818894918127247	0.0871507702507932
"626"	"MT-2_1"	"MT-2_2"	400	79	7	0.0886075949367089	0.0139986595682798	4.88511120444457e-09	0.0132077718145845	0.0147895473219751
"627"	"MT-2_1"	"MT-4_1"	400	69	3	0.0434782608695652	0.0114957506261854	0.0133924111189783	0.0106936713026209	0.0122978299497499
"628"	"MT-2_1"	"MT-4_2"	400	60	3	0.05	0.01002331002331	0.00126989242093156	0.00925392416457718	0.0107926958820429
"629"	"MT-2_2"	"MT-2_1"	400	79	7	0.0886075949367089	0.0142262800490649	4.09955269731199e-09	0.0134417054152356	0.0150108546828941
"630"	"MT-2_2"	"MT-2_2"	400	43	43	1	0.0896545315149966	0	0.0871222930911634	0.0921867699388298
"631"	"MT-2_2"	"MT-4_1"	400	67	5	0.0746268656716418	0.011466145794504	4.94441039666782e-07	0.0106870886749859	0.0122452029140221
"632"	"MT-2_2"	"MT-4_2"	400	58	5	0.0862068965517241	0.0111612525405629	5.11889592935688e-08	0.0103067472859857	0.0120157577951401
"633"	"MT-4_1"	"MT-2_1"	400	69	3	0.0434782608695652	0.0116694899303595	0.0132425111445991	0.0108730622524976	0.0124659176082214
"634"	"MT-4_1"	"MT-2_2"	400	67	5	0.0746268656716418	0.0111232051530559	2.90664133872909e-07	0.0103553327798965	0.0118910775262153
"635"	"MT-4_1"	"MT-4_1"	400	29	29	1	0.0882910193255021	0	0.0852343392977388	0.0913476993532654
"636"	"MT-4_1"	"MT-4_2"	400	42	7	0.166666666666667	0.0129394415108701	0	0.0118579184867166	0.0140209645350236
"637"	"MT-4_2"	"MT-2_1"	400	60	3	0.05	0.00934065934065934	0.000704950555585171	0.00859623723783733	0.0100850814434814
"638"	"MT-4_2"	"MT-2_2"	400	58	5	0.0862068965517241	0.0106617520410624	2.14477231530452e-08	0.00982502576405245	0.0114984783180723
"639"	"MT-4_2"	"MT-4_1"	400	42	7	0.166666666666667	0.0125350839636554	0	0.0114604499680211	0.0136097179592897
"640"	"MT-4_2"	"MT-4_2"	400	20	20	1	0.0631368631368631	0	0.0597200715247005	0.0665536547490257
"641"	"MT-2_1"	"MT-2_1"	410	42	42	1	0.0814899386327958	0	0.0789680838122477	0.0840117934533438
"642"	"MT-2_1"	"MT-2_2"	410	82	6	0.0731707317073171	0.0130235618040496	1.4412031821287e-06	0.0122494647249683	0.0137976588831309
"643"	"MT-2_1"	"MT-4_1"	410	68	3	0.0441176470588235	0.0106217312099665	0.010136879938802	0.00981370449581624	0.0114297579241168
"644"	"MT-2_1"	"MT-4_2"	410	60	3	0.05	0.0106560106560107	0.00304816033691035	0.00983238974031386	0.0114796315717075
"645"	"MT-2_2"	"MT-2_1"	410	82	6	0.0731707317073171	0.0131819400112083	6.25529002151737e-07	0.0124352816181432	0.0139285984042734
"646"	"MT-2_2"	"MT-2_2"	410	46	46	1	0.0906484819528298	0	0.088117649193585	0.0931793147120745
"647"	"MT-2_2"	"MT-4_1"	410	70	5	0.0714285714285714	0.0122020836306551	2.32989488835322e-06	0.0114242205744171	0.0129799466868931
"648"	"MT-2_2"	"MT-4_2"	410	62	5	0.0806451612903226	0.0121169153427218	3.20512866913703e-07	0.0112852980761633	0.0129485326092803
"649"	"MT-4_1"	"MT-2_1"	410	68	3	0.0441176470588235	0.0108861726508785	0.00585769954491822	0.0101382033693569	0.0116341419324002
"650"	"MT-4_1"	"MT-2_2"	410	70	5	0.0714285714285714	0.0119023833309548	1.17484308570504e-06	0.0111426806396501	0.0126620860222594
"651"	"MT-4_1"	"MT-4_1"	410	29	29	1	0.087739846360536	0	0.0847180245980224	0.0907616681230497
"652"	"MT-4_1"	"MT-4_2"	410	42	8	0.19047619047619	0.0138195138195138	0	0.0127325434766498	0.0149064841623778
"653"	"MT-4_2"	"MT-2_1"	410	60	3	0.05	0.00999000999000999	0.0012631885976222	0.00922034529413827	0.0107596746858817
"654"	"MT-4_2"	"MT-2_2"	410	62	5	0.0806451612903226	0.011988011988012	8.72152216668809e-07	0.0111222247950027	0.0128537991810213
"655"	"MT-4_2"	"MT-4_1"	410	42	8	0.19047619047619	0.013986013986014	0	0.0129082867081192	0.0150637412639088
"656"	"MT-4_2"	"MT-4_2"	410	21	21	1	0.066409780695495	0	0.0632080792136551	0.0696114821773349
"657"	"MT-2_1"	"MT-2_1"	420	45	45	1	0.0873792873792874	0	0.0848231474736819	0.0899354272848929
"658"	"MT-2_1"	"MT-2_2"	420	83	6	0.072289156626506	0.0136851100706522	2.34598898840588e-06	0.0129151937616121	0.0144550263796924
"659"	"MT-2_1"	"MT-4_1"	420	72	3	0.0416666666666667	0.011030636030636	0.00981205887176118	0.0102948206976151	0.011766451363657
"660"	"MT-2_1"	"MT-4_2"	420	62	4	0.0645161290322581	0.0103767200541394	1.50907261649014e-05	0.00960074545187047	0.0111526946564083
"661"	"MT-2_2"	"MT-2_1"	420	83	6	0.072289156626506	0.0131555191796156	1.41327952074555e-06	0.012395082081546	0.0139159562776851
"662"	"MT-2_2"	"MT-2_2"	420	44	44	1	0.0880256107528835	0	0.0855091643907626	0.0905420571150043
"663"	"MT-2_2"	"MT-4_1"	420	69	5	0.072463768115942	0.0119156206112728	4.41267605788553e-07	0.0111720087398006	0.012659232482745
"664"	"MT-2_2"	"MT-4_2"	420	60	5	0.0833333333333333	0.0112221112221112	9.23051797219188e-08	0.0103847428797616	0.0120594795644609
"665"	"MT-4_1"	"MT-2_1"	420	72	3	0.0416666666666667	0.0116133866133866	0.0169444321648708	0.0108327827300769	0.0123939904966964
"666"	"MT-4_1"	"MT-2_2"	420	69	5	0.072463768115942	0.0121327947414904	3.97472021984591e-06	0.0113215682055342	0.0129440212774466
"667"	"MT-4_1"	"MT-4_1"	420	30	30	1	0.0902763902763903	0	0.0872232568241163	0.0933295237286643
"668"	"MT-4_1"	"MT-4_2"	420	43	8	0.186046511627907	0.0132658039634784	0	0.0121832425524047	0.0143483653745521
"669"	"MT-4_2"	"MT-2_1"	420	62	4	0.0645161290322581	0.0104733975701718	2.0849254345201e-05	0.009685746483226	0.0112610486571175
"670"	"MT-4_2"	"MT-2_2"	420	60	5	0.0833333333333333	0.0110556110556111	4.61191034251129e-08	0.0102354125650939	0.0118758095461282
"671"	"MT-4_2"	"MT-4_1"	420	43	8	0.186046511627907	0.0134748971958274	0	0.0123745589845111	0.0145752354071437
"672"	"MT-4_2"	"MT-4_2"	420	21	21	1	0.0630797773654917	0	0.0599214866415335	0.0662380680894498
"673"	"MT-2_1"	"MT-2_1"	430	47	47	1	0.0888260675494718	0	0.0864366585367161	0.0912154765622275
"674"	"MT-2_1"	"MT-2_2"	430	89	7	0.0786516853932584	0.0145809246932842	2.30829824365841e-07	0.0138126685785281	0.0153491808080404
"675"	"MT-2_1"	"MT-4_1"	430	71	3	0.0422535211267606	0.0114111240871804	0.0138660255572609	0.0106337255376219	0.0121885226367389
"676"	"MT-2_1"	"MT-4_2"	430	64	4	0.0625	0.0102085414585415	1.84842951886921e-05	0.00945119427570453	0.0109658886413784
"677"	"MT-2_2"	"MT-2_1"	430	89	7	0.0786516853932584	0.014985014985015	2.11708920616616e-07	0.0142239770637925	0.0157460529062374
"678"	"MT-2_2"	"MT-2_2"	430	49	49	1	0.0884217822993333	0	0.0859731380391822	0.0908704265594845
"679"	"MT-2_2"	"MT-4_1"	430	70	6	0.0857142857142857	0.0118024832310547	8.22303225511689e-09	0.0110071295861928	0.0125978368759165
"680"	"MT-2_2"	"MT-4_2"	430	63	7	0.111111111111111	0.0117660117660118	3.2041036490682e-13	0.0109202646401734	0.0126117588918501
"681"	"MT-4_1"	"MT-2_1"	430	71	3	0.0422535211267606	0.0118191667487442	0.013013959270594	0.0110590563171915	0.0125792771802969
"682"	"MT-4_1"	"MT-2_2"	430	70	6	0.0857142857142857	0.0121307264164407	6.01038552261457e-09	0.0113460719996892	0.0129153808331923
"683"	"MT-4_1"	"MT-4_1"	430	27	27	1	0.0745180745180745	0	0.0715389567397978	0.0774971922963512
"684"	"MT-4_1"	"MT-4_2"	430	42	6	0.142857142857143	0.0121069406783692	4.44089209850063e-15	0.0110730263524911	0.0131408550042474
"685"	"MT-4_2"	"MT-2_1"	430	64	4	0.0625	0.0101148851148851	7.53093062555443e-06	0.00938932926548281	0.0108404409642874
"686"	"MT-4_2"	"MT-2_2"	430	63	7	0.111111111111111	0.0114171542742971	5.15143483426073e-14	0.0105957482948046	0.0122385602537896
"687"	"MT-4_2"	"MT-4_1"	430	42	6	0.142857142857143	0.0122258693687265	1.33226762955019e-15	0.0112112340547235	0.0132405046827296
"688"	"MT-4_2"	"MT-4_2"	430	21	21	1	0.0666476380762095	0	0.0633718296771729	0.0699234464752461
"689"	"MT-2_1"	"MT-2_1"	440	49	49	1	0.0944157882933393	0	0.0919301135557661	0.0969014630309126
"690"	"MT-2_1"	"MT-2_2"	440	93	7	0.0752688172043011	0.0149313052538859	2.73901591985037e-06	0.0141332741468454	0.0157293363609264
"691"	"MT-2_1"	"MT-4_1"	440	77	3	0.038961038961039	0.0136227408954682	0.0565053399745534	0.0127986844804645	0.0144467973104718
"692"	"MT-2_1"	"MT-4_2"	440	66	3	0.0454545454545455	0.00979323706596434	0.00173753924619247	0.00908697812903952	0.0104994960028892
"693"	"MT-2_2"	"MT-2_1"	440	93	7	0.0752688172043011	0.0150172408236924	8.52536468975984e-07	0.0142581374954006	0.0157763441519842
"694"	"MT-2_2"	"MT-2_2"	440	51	51	1	0.0909482674188556	0	0.0885772172773778	0.0933193175603335
"695"	"MT-2_2"	"MT-4_1"	440	76	6	0.0789473684210526	0.0138414217361586	1.02579008176562e-06	0.0130150629943755	0.0146677804779416
"696"	"MT-2_2"	"MT-4_2"	440	65	6	0.0923076923076923	0.0108353185276262	1.96705096655592e-10	0.0100412744359774	0.011629362619275
"697"	"MT-4_1"	"MT-2_1"	440	77	3	0.038961038961039	0.0129999870259611	0.0350046292240465	0.0122362463983571	0.013763727653565
"698"	"MT-4_1"	"MT-2_2"	440	76	6	0.0789473684210526	0.0129738682370261	2.52767458075454e-07	0.0121801907889466	0.0137675456851057
"699"	"MT-4_1"	"MT-4_1"	440	31	31	1	0.0860107634301183	0	0.08312206606049	0.0888994607997465
"700"	"MT-4_1"	"MT-4_2"	440	42	9	0.214285714285714	0.0141762998905856	0	0.0130661405686832	0.015286459212488
"701"	"MT-4_2"	"MT-2_1"	440	66	3	0.0454545454545455	0.0107771016861926	0.00457695973774142	0.0100185396591533	0.0115356637132319
"702"	"MT-4_2"	"MT-2_2"	440	65	6	0.0923076923076923	0.0111734419426727	9.36821731301052e-11	0.0103964793772179	0.0119504045081276
"703"	"MT-4_2"	"MT-4_1"	440	42	9	0.214285714285714	0.0151039436753722	0	0.0139579819772344	0.0162499053735101
"704"	"MT-4_2"	"MT-4_2"	440	20	20	1	0.0601898101898102	0	0.0569218877053006	0.0634577326743198
"705"	"MT-2_1"	"MT-2_1"	450	52	52	1	0.0960962114808269	0	0.0937598014533227	0.098432621508331
"706"	"MT-2_1"	"MT-2_2"	450	98	7	0.0714285714285714	0.0151888927399131	2.94548156576369e-06	0.0144426901472045	0.0159350953326218
"707"	"MT-2_1"	"MT-4_1"	450	79	3	0.0379746835443038	0.0125317720254429	0.0357073430757171	0.0117804018086722	0.0132831422422136
"708"	"MT-2_1"	"MT-4_2"	450	71	3	0.0422535211267606	0.0099055873703761	0.00388952918756469	0.00921062858452568	0.0106005461562265
"709"	"MT-2_2"	"MT-2_1"	450	98	7	0.0714285714285714	0.0157291687903933	5.49888338552407e-06	0.0149690293165929	0.0164893082641937
"710"	"MT-2_2"	"MT-2_2"	450	53	53	1	0.0921908280398846	0	0.0897802647981543	0.0946013912816149
"711"	"MT-2_2"	"MT-4_1"	450	78	5	0.0641025641025641	0.0120904736289352	1.10345801775935e-05	0.0113566029010597	0.0128243443568106
"712"	"MT-2_2"	"MT-4_2"	450	69	6	0.0869565217391304	0.0116115768289681	9.82250947245689e-10	0.0108470217974404	0.0123761318604959
"713"	"MT-4_1"	"MT-2_1"	450	79	3	0.0379746835443038	0.0122029868865312	0.0302335890662593	0.0114653582157976	0.0129406155572648
"714"	"MT-4_1"	"MT-2_2"	450	78	5	0.0641025641025641	0.0123210123210123	4.24715937012987e-05	0.011536452534235	0.0131055721077897
"715"	"MT-4_1"	"MT-4_1"	450	30	30	1	0.0772227772227772	0	0.0743890748420516	0.0800564796035029
"716"	"MT-4_1"	"MT-4_2"	450	44	8	0.181818181818182	0.0129416038506948	0	0.0118612142537941	0.0140219934475954
"717"	"MT-4_2"	"MT-2_1"	450	71	3	0.0422535211267606	0.0101729256658834	0.00443570594823939	0.00947363518704845	0.0108722161447184
"718"	"MT-4_2"	"MT-2_2"	450	69	6	0.0869565217391304	0.01126409822062	1.60469104670824e-09	0.0104859868124508	0.0120422096287891
"719"	"MT-4_2"	"MT-4_1"	450	44	8	0.181818181818182	0.0116020343293071	0	0.0106273099849933	0.0125767586736208
"720"	"MT-4_2"	"MT-4_2"	450	22	22	1	0.0686586141131596	0	0.0653417756476744	0.0719754525786447
"721"	"MT-2_1"	"MT-2_1"	460	49	49	1	0.0879936390140472	0	0.085626665339545	0.0903606126885493
"722"	"MT-2_1"	"MT-2_2"	460	96	7	0.0729166666666667	0.0158695471195471	4.23454073783525e-06	0.015100279077327	0.0166388151617672
"723"	"MT-2_1"	"MT-4_1"	460	76	3	0.0394736842105263	0.0119748672380251	0.0252102472423488	0.0112128254695977	0.0127369090064526
"724"	"MT-2_1"	"MT-4_2"	460	69	3	0.0434782608695652	0.00977283585979238	0.0040251707457617	0.00904599321190448	0.0104996785076803
"725"	"MT-2_2"	"MT-2_1"	460	96	7	0.0729166666666667	0.0153700466200466	1.87981862764808e-06	0.0146211378505733	0.01611895538952
"726"	"MT-2_2"	"MT-2_2"	460	54	54	1	0.0926850926850927	0	0.0903393409338426	0.0950308444363428
"727"	"MT-2_2"	"MT-4_1"	460	80	4	0.05	0.0127247752247752	0.00223720838749175	0.0119684446454493	0.0134811058041012
"728"	"MT-2_2"	"MT-4_2"	460	71	6	0.0845070422535211	0.0116643919460821	1.43663214657863e-09	0.0109177840292201	0.0124109998629441
"729"	"MT-4_1"	"MT-2_1"	460	76	3	0.0394736842105263	0.0120143014879857	0.0277724317375976	0.0112403224946468	0.0127882804813246
"730"	"MT-4_1"	"MT-2_2"	460	80	4	0.05	0.012475024975025	0.00149840727675299	0.0117419729190228	0.0132080770310271
"731"	"MT-4_1"	"MT-4_1"	460	30	30	1	0.0897768897768898	0	0.0867504561460754	0.0928033234077041
"732"	"MT-4_1"	"MT-4_2"	460	44	9	0.204545454545455	0.013191354100445	0	0.0121291867714887	0.0142535214294013
"733"	"MT-4_2"	"MT-2_1"	460	69	3	0.0434782608695652	0.00996105343931431	0.00547186525717569	0.0092126859403761	0.0107094209382525
"734"	"MT-4_2"	"MT-2_2"	460	71	6	0.0845070422535211	0.0119317302415894	4.67121341607424e-09	0.0111633769888688	0.01270008349431
"735"	"MT-4_2"	"MT-4_1"	460	44	9	0.204545454545455	0.0134865134865135	0	0.0124434687468654	0.0145295582261615
"736"	"MT-4_2"	"MT-4_2"	460	23	23	1	0.0658037614559354	0	0.0627983644254842	0.0688091584863866
"737"	"MT-2_1"	"MT-2_1"	470	47	47	1	0.0840436159585096	0	0.0817330945677224	0.0863541373492967
"738"	"MT-2_1"	"MT-2_2"	470	92	7	0.0760869565217391	0.0147895582678191	7.05720611504645e-07	0.0140230154788928	0.0155561010567454
"739"	"MT-2_1"	"MT-4_1"	470	75	3	0.04	0.0115351315351315	0.017884874846962	0.0107895660692622	0.0122806970010008
"740"	"MT-2_1"	"MT-4_2"	470	68	4	0.0588235294117647	0.0102838338132456	5.69813312369938e-05	0.00953585230901413	0.011031815317477
"741"	"MT-2_2"	"MT-2_1"	470	92	7	0.0760869565217391	0.0153324935933632	1.56268190809605e-06	0.0145479478892154	0.0161170392975109
"742"	"MT-2_2"	"MT-2_2"	470	52	52	1	0.0896027049873204	0	0.0873006950181989	0.0919047149564419
"743"	"MT-2_2"	"MT-4_1"	470	78	5	0.0641025641025641	0.0126668203591281	4.45949133869306e-05	0.0118853389786083	0.0134483017396478
"744"	"MT-2_2"	"MT-4_2"	470	70	7	0.1	0.0126302269159412	4.44044800929078e-12	0.0118474078242241	0.0134130460076583
"745"	"MT-4_1"	"MT-2_1"	470	75	3	0.04	0.0117082917082917	0.0217569209498316	0.0109435548138554	0.012473028602728
"746"	"MT-4_1"	"MT-2_2"	470	78	5	0.0641025641025641	0.0123594354363585	1.39108966390467e-05	0.0116208620685361	0.0130980088041809
"747"	"MT-4_1"	"MT-4_1"	470	31	31	1	0.0944539331636106	0	0.0914164495863261	0.0974914167408951
"748"	"MT-4_1"	"MT-4_2"	470	47	9	0.191489361702128	0.0133483537738857	0	0.0123608084346971	0.0143358991130743
"749"	"MT-4_2"	"MT-2_1"	470	68	4	0.0588235294117647	0.0115032026796733	0.000203783982258843	0.0107130150210593	0.0122933903382872
"750"	"MT-4_2"	"MT-2_2"	470	70	7	0.1	0.012102183530755	1.50861545478165e-11	0.0112941675113474	0.0129101995501625
"751"	"MT-4_2"	"MT-4_1"	470	47	9	0.191489361702128	0.0138159712627798	0	0.0128127567657744	0.0148191857597852
"752"	"MT-4_2"	"MT-4_2"	470	25	25	1	0.0717282717282717	0	0.0686693632369753	0.0747871802195682
"753"	"MT-2_1"	"MT-2_1"	480	52	52	1	0.091120418043495	0	0.0888046705664547	0.0934361655205353
"754"	"MT-2_1"	"MT-2_2"	480	100	5	0.05	0.0154445554445554	0.00281671984532839	0.014727043449138	0.0161620674399729
"755"	"MT-2_1"	"MT-4_1"	480	80	3	0.0375	0.012524975024975	0.0405838450735845	0.0117685174257295	0.0132814326242206
"756"	"MT-2_1"	"MT-4_2"	480	73	4	0.0547945205479452	0.0116048335226417	0.000415154842423382	0.0108460277199292	0.0123636393253543
"757"	"MT-2_2"	"MT-2_1"	480	100	5	0.05	0.0148751248751249	0.00279044851142851	0.0141464876861407	0.015603762064109
"758"	"MT-2_2"	"MT-2_2"	480	53	53	1	0.0951878310368876	0	0.0927806903248594	0.0975949717489159
"759"	"MT-2_2"	"MT-4_1"	480	79	5	0.0632911392405063	0.0121903413042654	2.30859061434163e-05	0.0114415464076178	0.012939136200913
"760"	"MT-2_2"	"MT-4_2"	480	72	6	0.0833333333333333	0.0117243867243867	8.49471204489305e-09	0.0109530796870843	0.0124956937616891
"761"	"MT-4_1"	"MT-2_1"	480	80	3	0.0375	0.0121628371628372	0.0355913003786454	0.0114150604459126	0.0129106138797617
"762"	"MT-4_1"	"MT-2_2"	480	79	5	0.0632911392405063	0.0127467469239621	6.687788616766e-05	0.0119604803891998	0.0135330134587244
"763"	"MT-4_1"	"MT-4_1"	480	31	31	1	0.0863007959782153	0	0.0833606427413176	0.0892409492151131
"764"	"MT-4_1"	"MT-4_2"	480	47	9	0.191489361702128	0.0125406508385232	0	0.0115815197120095	0.0134997819650369
"765"	"MT-4_2"	"MT-2_1"	480	73	4	0.0547945205479452	0.0111121754957371	0.000252739801358093	0.0103718119035948	0.0118525390878795
"766"	"MT-4_2"	"MT-2_2"	480	72	6	0.0833333333333333	0.0121822621822622	3.6323064556143e-09	0.0114343038752854	0.012930220489239
"767"	"MT-4_2"	"MT-4_1"	480	47	9	0.191489361702128	0.014219822730461	0	0.0131397334792455	0.0152999119816765
"768"	"MT-4_2"	"MT-4_2"	480	25	25	1	0.0713286713286713	0	0.0681534910240671	0.0745038516332756
"769"	"MT-2_1"	"MT-2_1"	490	54	54	1	0.0931475931475931	0	0.0907744088604079	0.0955207774347785
"770"	"MT-2_1"	"MT-2_2"	490	103	5	0.0485436893203883	0.0153826755768503	0.0038564313126892	0.0146709113444116	0.016094439809289
"771"	"MT-2_1"	"MT-4_1"	490	83	3	0.036144578313253	0.0135647485045075	0.0635200199910815	0.0128099886700172	0.0143195083389979
"772"	"MT-2_1"	"MT-4_2"	490	77	4	0.051948051948052	0.0109371148332187	0.000532268060325691	0.0102027992842731	0.0116714303821644
"773"	"MT-2_2"	"MT-2_1"	490	103	5	0.0485436893203883	0.0149753159461897	0.00409315762091778	0.0142500947224968	0.0157005371698827
"774"	"MT-2_2"	"MT-2_2"	490	54	54	1	0.094017094017094	0	0.0916876800753493	0.0963465079588387
"775"	"MT-2_2"	"MT-4_1"	490	81	5	0.0617283950617284	0.0142203475536809	0.000367604560088663	0.0133931821415721	0.0150475129657897
"776"	"MT-2_2"	"MT-4_2"	490	75	6	0.08	0.0121478521478521	5.51668053461185e-08	0.0113733599154321	0.0129223443802722
"777"	"MT-4_1"	"MT-2_1"	490	83	3	0.036144578313253	0.0132397722759169	0.0579379724241638	0.0124905562455539	0.0139889883062799
"778"	"MT-4_1"	"MT-2_2"	490	81	5	0.0617283950617284	0.0136653469986803	0.000157753090998414	0.0128764055613355	0.0144542884360252
"779"	"MT-4_1"	"MT-4_1"	490	32	32	1	0.0848214285714286	0	0.0819359363387687	0.0877069208040884
"780"	"MT-4_1"	"MT-4_2"	490	50	9	0.18	0.0147252747252747	0	0.0137187528394037	0.0157317966111457
"781"	"MT-4_2"	"MT-2_1"	490	77	4	0.051948051948052	0.0114171542742971	0.000569688667303669	0.0106875755945865	0.0121467329540078
"782"	"MT-4_2"	"MT-2_2"	490	75	6	0.08	0.0117748917748918	1.64134659197401e-08	0.0110254236165134	0.0125243599332702
"783"	"MT-4_2"	"MT-4_1"	490	50	9	0.18	0.0147252747252747	0	0.0136990708687055	0.0157514785818439
"784"	"MT-4_2"	"MT-4_2"	490	27	27	1	0.0782550782550783	0	0.0751746043746991	0.0813355521354574
"785"	"MT-2_1"	"MT-2_1"	500	53	53	1	0.0937364522270183	0	0.0913758448309661	0.0960970596230704
"786"	"MT-2_1"	"MT-2_2"	500	106	8	0.0754716981132075	0.0165683373230543	1.46162432379526e-06	0.0158098061369043	0.0173268685092043
"787"	"MT-2_1"	"MT-4_1"	500	82	3	0.0365853658536585	0.0124509636704759	0.038084857183541	0.0117291961869378	0.013172731154014
"788"	"MT-2_1"	"MT-4_2"	500	74	3	0.0405405405405405	0.0108540108540109	0.00994231462885131	0.0101397410039288	0.0115682807040929
"789"	"MT-2_2"	"MT-2_1"	500	106	8	0.0754716981132075	0.016672007238045	1.52761019367453e-06	0.0159134214931299	0.01743059298296
"790"	"MT-2_2"	"MT-2_2"	500	61	61	1	0.100899100899101	0	0.0985820461333177	0.103216155664884
"791"	"MT-2_2"	"MT-4_1"	500	88	5	0.0568181818181818	0.0137476160203433	0.00040385397085374	0.01299246345164	0.0145027685890466
"792"	"MT-2_2"	"MT-4_2"	500	79	6	0.0759493670886076	0.0123420882914554	9.43192004498883e-08	0.0116029276643961	0.0130812489185147
"793"	"MT-4_1"	"MT-2_1"	500	82	3	0.0365853658536585	0.0128530006578787	0.0600581380881045	0.0120701921835851	0.0136358091321723
"794"	"MT-4_1"	"MT-2_2"	500	88	5	0.0568181818181818	0.0137022068840251	0.000292814082189397	0.0129637967365326	0.0144406170315175
"795"	"MT-4_1"	"MT-4_1"	500	32	32	1	0.0849463036963037	0	0.0821318147412788	0.0877607926513286
"796"	"MT-4_1"	"MT-4_2"	500	47	9	0.191489361702128	0.0141560567092482	0	0.0131078788435123	0.0152042345749841
"797"	"MT-4_2"	"MT-2_1"	500	74	3	0.0405405405405405	0.0109350109350109	0.0109024920752796	0.0102137306124718	0.01165629125755
"798"	"MT-4_2"	"MT-2_2"	500	79	6	0.0759493670886076	0.0120133031525437	4.32036255659796e-08	0.0112892974998545	0.0127373088052328
"799"	"MT-4_2"	"MT-4_1"	500	47	9	0.191489361702128	0.0132633324122686	0	0.012276666543351	0.0142499982811862
"800"	"MT-4_2"	"MT-4_2"	500	24	24	1	0.065975690975691	0	0.0629961128438153	0.0689552691075666
